,scan,rt,mslevel,i,i_norm,filename,query_name,query,collision_type,energy
0,51,0.328116184,1,5783.69482421875,0.0003362489326974081,ms_blank_01.mzML,L-Carnitine,QUERY scaninfo(MS1DATA) FILTER MS1MZ= 162.11246:TOLERANCEPPM=2.5 AND RTMIN=0.35 AND RTMAX=0.65,NULL,NULL
1,56,0.360097097067,1,15466.259765625,0.0006347600940027137,ms_blank_01.mzML,L-Carnitine,QUERY scaninfo(MS1DATA) FILTER MS1MZ= 162.11246:TOLERANCEPPM=2.5 AND RTMIN=0.35 AND RTMAX=0.65,NULL,NULL
2,66,0.4244088392,1,4834.2802734375,0.00027312339532005843,ms_blank_01.mzML,L-Carnitine,QUERY scaninfo(MS1DATA) FILTER MS1MZ= 162.11246:TOLERANCEPPM=2.5 AND RTMIN=0.35 AND RTMAX=0.65,NULL,NULL
3,71,0.4567169768,1,4028.90576171875,0.00024564504927793667,ms_blank_01.mzML,L-Carnitine,QUERY scaninfo(MS1DATA) FILTER MS1MZ= 162.11246:TOLERANCEPPM=2.5 AND RTMIN=0.35 AND RTMAX=0.65,NULL,NULL
4,73,0.469645018667,1,15957.7607421875,0.0008763288455002986,ms_blank_01.mzML,L-Carnitine,QUERY scaninfo(MS1DATA) FILTER MS1MZ= 162.11246:TOLERANCEPPM=2.5 AND RTMIN=0.35 AND RTMAX=0.65,NULL,NULL
5,74,0.476105072533,1,6340.51025390625,0.000365876248331401,ms_blank_01.mzML,L-Carnitine,QUERY scaninfo(MS1DATA) FILTER MS1MZ= 162.11246:TOLERANCEPPM=2.5 AND RTMIN=0.35 AND RTMAX=0.65,NULL,NULL
6,78,0.501969695467,1,4270.02099609375,0.00026187372217406066,ms_blank_01.mzML,L-Carnitine,QUERY scaninfo(MS1DATA) FILTER MS1MZ= 162.11246:TOLERANCEPPM=2.5 AND RTMIN=0.35 AND RTMAX=0.65,NULL,NULL
7,100,0.643986141333,1,4877.3583984375,0.0002732155606163754,ms_blank_01.mzML,L-Carnitine,QUERY scaninfo(MS1DATA) FILTER MS1MZ= 162.11246:TOLERANCEPPM=2.5 AND RTMIN=0.35 AND RTMAX=0.65,NULL,NULL
8,149,0.95977816,1,4492.97265625,0.00026094071041642396,ms_blank_01.mzML,L-Carnitine,QUERY scaninfo(MS1DATA) FILTER MS1MZ= 162.11246:TOLERANCEPPM=2.5 AND RTMIN=0.35 AND RTMAX=0.65,NULL,NULL
0,59,0.379136454933,1,5969.8408203125,0.00038469125257152337,ms_blank_01.mzML,Malonyl-L-carnitine,QUERY scaninfo(MS1DATA) FILTER MS1MZ= 248.11286:TOLERANCEPPM=2.5 AND RTMIN=0.55 AND RTMAX=0.85,NULL,NULL
0,50,0.167363008,1,5646.41650390625,0.0003626633392590685,ms_data_01.mzML,L-Carnitine,QUERY scaninfo(MS1DATA) FILTER MS1MZ= 162.11246:TOLERANCEPPM=2.5 AND RTMIN=0.35 AND RTMAX=0.65,NULL,NULL
1,62,0.205923182933,1,6566.9326171875,0.0003314916579643114,ms_data_01.mzML,L-Carnitine,QUERY scaninfo(MS1DATA) FILTER MS1MZ= 162.11246:TOLERANCEPPM=2.5 AND RTMIN=0.35 AND RTMAX=0.65,NULL,NULL
2,141,0.456056150933,1,233699.65625,0.004077562511027057,ms_data_01.mzML,L-Carnitine,QUERY scaninfo(MS1DATA) FILTER MS1MZ= 162.11246:TOLERANCEPPM=2.5 AND RTMIN=0.35 AND RTMAX=0.65,NULL,NULL
3,144,0.465000846933,1,2728002.0,0.029390160646845073,ms_data_01.mzML,L-Carnitine,QUERY scaninfo(MS1DATA) FILTER MS1MZ= 162.11246:TOLERANCEPPM=2.5 AND RTMIN=0.35 AND RTMAX=0.65,NULL,NULL
4,147,0.4744597176,1,35285832.0,0.12935711867425062,ms_data_01.mzML,L-Carnitine,QUERY scaninfo(MS1DATA) FILTER MS1MZ= 162.11246:TOLERANCEPPM=2.5 AND RTMIN=0.35 AND RTMAX=0.65,NULL,NULL
5,150,0.483345079733,1,48260056.0,0.07179693334795811,ms_data_01.mzML,L-Carnitine,QUERY scaninfo(MS1DATA) FILTER MS1MZ= 162.11246:TOLERANCEPPM=2.5 AND RTMIN=0.35 AND RTMAX=0.65,NULL,NULL
6,153,0.492178340533,1,43048192.0,0.03582647753034072,ms_data_01.mzML,L-Carnitine,QUERY scaninfo(MS1DATA) FILTER MS1MZ= 162.11246:TOLERANCEPPM=2.5 AND RTMIN=0.35 AND RTMAX=0.65,NULL,NULL
7,156,0.5010554512,1,21859012.0,0.030100255953521386,ms_data_01.mzML,L-Carnitine,QUERY scaninfo(MS1DATA) FILTER MS1MZ= 162.11246:TOLERANCEPPM=2.5 AND RTMIN=0.35 AND RTMAX=0.65,NULL,NULL
8,160,0.511257616,1,6121738.0,0.04826328618518543,ms_data_01.mzML,L-Carnitine,QUERY scaninfo(MS1DATA) FILTER MS1MZ= 162.11246:TOLERANCEPPM=2.5 AND RTMIN=0.35 AND RTMAX=0.65,NULL,NULL
9,163,0.520214565333,1,3149305.0,0.04075089337907274,ms_data_01.mzML,L-Carnitine,QUERY scaninfo(MS1DATA) FILTER MS1MZ= 162.11246:TOLERANCEPPM=2.5 AND RTMIN=0.35 AND RTMAX=0.65,NULL,NULL
10,166,0.5293615056,1,2017686.125,0.01434917142050392,ms_data_01.mzML,L-Carnitine,QUERY scaninfo(MS1DATA) FILTER MS1MZ= 162.11246:TOLERANCEPPM=2.5 AND RTMIN=0.35 AND RTMAX=0.65,NULL,NULL
11,169,0.538600638133,1,2268653.5,0.016790709679474495,ms_data_01.mzML,L-Carnitine,QUERY scaninfo(MS1DATA) FILTER MS1MZ= 162.11246:TOLERANCEPPM=2.5 AND RTMIN=0.35 AND RTMAX=0.65,NULL,NULL
12,172,0.548074077333,1,2142616.75,0.029713025808000493,ms_data_01.mzML,L-Carnitine,QUERY scaninfo(MS1DATA) FILTER MS1MZ= 162.11246:TOLERANCEPPM=2.5 AND RTMIN=0.35 AND RTMAX=0.65,NULL,NULL
13,175,0.5578093272,1,1179149.25,0.004341384668243849,ms_data_01.mzML,L-Carnitine,QUERY scaninfo(MS1DATA) FILTER MS1MZ= 162.11246:TOLERANCEPPM=2.5 AND RTMIN=0.35 AND RTMAX=0.65,NULL,NULL
14,178,0.567054,1,931420.5625,0.0021374530176902482,ms_data_01.mzML,L-Carnitine,QUERY scaninfo(MS1DATA) FILTER MS1MZ= 162.11246:TOLERANCEPPM=2.5 AND RTMIN=0.35 AND RTMAX=0.65,NULL,NULL
15,181,0.576132285867,1,967248.4375,0.0028998213158547862,ms_data_01.mzML,L-Carnitine,QUERY scaninfo(MS1DATA) FILTER MS1MZ= 162.11246:TOLERANCEPPM=2.5 AND RTMIN=0.35 AND RTMAX=0.65,NULL,NULL
16,184,0.585141668533,1,790192.5,0.0027313630232293187,ms_data_01.mzML,L-Carnitine,QUERY scaninfo(MS1DATA) FILTER MS1MZ= 162.11246:TOLERANCEPPM=2.5 AND RTMIN=0.35 AND RTMAX=0.65,NULL,NULL
17,187,0.594072023467,1,474850.96875,0.0017772804250400227,ms_data_01.mzML,L-Carnitine,QUERY scaninfo(MS1DATA) FILTER MS1MZ= 162.11246:TOLERANCEPPM=2.5 AND RTMIN=0.35 AND RTMAX=0.65,NULL,NULL
18,190,0.603219909867,1,358730.9375,0.0018350599526377445,ms_data_01.mzML,L-Carnitine,QUERY scaninfo(MS1DATA) FILTER MS1MZ= 162.11246:TOLERANCEPPM=2.5 AND RTMIN=0.35 AND RTMAX=0.65,NULL,NULL
19,193,0.612745928,1,300706.8125,0.0026182582422504272,ms_data_01.mzML,L-Carnitine,QUERY scaninfo(MS1DATA) FILTER MS1MZ= 162.11246:TOLERANCEPPM=2.5 AND RTMIN=0.35 AND RTMAX=0.65,NULL,NULL
20,196,0.622927141867,1,248788.0,0.004114601274251601,ms_data_01.mzML,L-Carnitine,QUERY scaninfo(MS1DATA) FILTER MS1MZ= 162.11246:TOLERANCEPPM=2.5 AND RTMIN=0.35 AND RTMAX=0.65,NULL,NULL
21,199,0.632698002133,1,253173.46875,0.00786384300527939,ms_data_01.mzML,L-Carnitine,QUERY scaninfo(MS1DATA) FILTER MS1MZ= 162.11246:TOLERANCEPPM=2.5 AND RTMIN=0.35 AND RTMAX=0.65,NULL,NULL
22,202,0.6425291392,1,308026.375,0.012800126884937793,ms_data_01.mzML,L-Carnitine,QUERY scaninfo(MS1DATA) FILTER MS1MZ= 162.11246:TOLERANCEPPM=2.5 AND RTMIN=0.35 AND RTMAX=0.65,NULL,NULL
23,205,0.652362350133,1,333146.90625,0.01604216054010794,ms_data_01.mzML,L-Carnitine,QUERY scaninfo(MS1DATA) FILTER MS1MZ= 162.11246:TOLERANCEPPM=2.5 AND RTMIN=0.35 AND RTMAX=0.65,NULL,NULL
24,208,0.662013409067,1,342047.0625,0.01617849015196607,ms_data_01.mzML,L-Carnitine,QUERY scaninfo(MS1DATA) FILTER MS1MZ= 162.11246:TOLERANCEPPM=2.5 AND RTMIN=0.35 AND RTMAX=0.65,NULL,NULL
25,211,0.6715738088,1,493304.15625,0.02924518165533329,ms_data_01.mzML,L-Carnitine,QUERY scaninfo(MS1DATA) FILTER MS1MZ= 162.11246:TOLERANCEPPM=2.5 AND RTMIN=0.35 AND RTMAX=0.65,NULL,NULL
26,214,0.681391132,1,637498.875,0.03713267420147718,ms_data_01.mzML,L-Carnitine,QUERY scaninfo(MS1DATA) FILTER MS1MZ= 162.11246:TOLERANCEPPM=2.5 AND RTMIN=0.35 AND RTMAX=0.65,NULL,NULL
27,217,0.691030676,1,490329.8125,0.014969202273373096,ms_data_01.mzML,L-Carnitine,QUERY scaninfo(MS1DATA) FILTER MS1MZ= 162.11246:TOLERANCEPPM=2.5 AND RTMIN=0.35 AND RTMAX=0.65,NULL,NULL
28,220,0.700599401067,1,275156.21875,0.004152177538149221,ms_data_01.mzML,L-Carnitine,QUERY scaninfo(MS1DATA) FILTER MS1MZ= 162.11246:TOLERANCEPPM=2.5 AND RTMIN=0.35 AND RTMAX=0.65,NULL,NULL
29,223,0.710024256533,1,160410.140625,0.003751653537917745,ms_data_01.mzML,L-Carnitine,QUERY scaninfo(MS1DATA) FILTER MS1MZ= 162.11246:TOLERANCEPPM=2.5 AND RTMIN=0.35 AND RTMAX=0.65,NULL,NULL
30,226,0.719390229333,1,126159.28125,0.00409085117718999,ms_data_01.mzML,L-Carnitine,QUERY scaninfo(MS1DATA) FILTER MS1MZ= 162.11246:TOLERANCEPPM=2.5 AND RTMIN=0.35 AND RTMAX=0.65,NULL,NULL
31,229,0.728873813867,1,117753.796875,0.0037616663601526545,ms_data_01.mzML,L-Carnitine,QUERY scaninfo(MS1DATA) FILTER MS1MZ= 162.11246:TOLERANCEPPM=2.5 AND RTMIN=0.35 AND RTMAX=0.65,NULL,NULL
32,232,0.738791329333,1,153481.28125,0.0038691436016575972,ms_data_01.mzML,L-Carnitine,QUERY scaninfo(MS1DATA) FILTER MS1MZ= 162.11246:TOLERANCEPPM=2.5 AND RTMIN=0.35 AND RTMAX=0.65,NULL,NULL
33,235,0.748569812267,1,287979.90625,0.003291319296819998,ms_data_01.mzML,L-Carnitine,QUERY scaninfo(MS1DATA) FILTER MS1MZ= 162.11246:TOLERANCEPPM=2.5 AND RTMIN=0.35 AND RTMAX=0.65,NULL,NULL
34,238,0.7578404536,1,137137.953125,0.00294556574102983,ms_data_01.mzML,L-Carnitine,QUERY scaninfo(MS1DATA) FILTER MS1MZ= 162.11246:TOLERANCEPPM=2.5 AND RTMIN=0.35 AND RTMAX=0.65,NULL,NULL
35,241,0.767170557333,1,136012.828125,0.003447156878923242,ms_data_01.mzML,L-Carnitine,QUERY scaninfo(MS1DATA) FILTER MS1MZ= 162.11246:TOLERANCEPPM=2.5 AND RTMIN=0.35 AND RTMAX=0.65,NULL,NULL
36,244,0.7768463896,1,178799.703125,0.008401736320606656,ms_data_01.mzML,L-Carnitine,QUERY scaninfo(MS1DATA) FILTER MS1MZ= 162.11246:TOLERANCEPPM=2.5 AND RTMIN=0.35 AND RTMAX=0.65,NULL,NULL
37,247,0.786366001867,1,152736.78125,0.0054429063740506515,ms_data_01.mzML,L-Carnitine,QUERY scaninfo(MS1DATA) FILTER MS1MZ= 162.11246:TOLERANCEPPM=2.5 AND RTMIN=0.35 AND RTMAX=0.65,NULL,NULL
38,250,0.795883838133,1,154627.34375,0.0065802728240830465,ms_data_01.mzML,L-Carnitine,QUERY scaninfo(MS1DATA) FILTER MS1MZ= 162.11246:TOLERANCEPPM=2.5 AND RTMIN=0.35 AND RTMAX=0.65,NULL,NULL
39,253,0.805699680533,1,167346.515625,0.00844443103660211,ms_data_01.mzML,L-Carnitine,QUERY scaninfo(MS1DATA) FILTER MS1MZ= 162.11246:TOLERANCEPPM=2.5 AND RTMIN=0.35 AND RTMAX=0.65,NULL,NULL
40,256,0.816184097867,1,158165.921875,0.007992107729083351,ms_data_01.mzML,L-Carnitine,QUERY scaninfo(MS1DATA) FILTER MS1MZ= 162.11246:TOLERANCEPPM=2.5 AND RTMIN=0.35 AND RTMAX=0.65,NULL,NULL
41,259,0.826232310933,1,121836.4453125,0.006268197431780174,ms_data_01.mzML,L-Carnitine,QUERY scaninfo(MS1DATA) FILTER MS1MZ= 162.11246:TOLERANCEPPM=2.5 AND RTMIN=0.35 AND RTMAX=0.65,NULL,NULL
42,262,0.8362469816,1,128009.734375,0.005816289313989947,ms_data_01.mzML,L-Carnitine,QUERY scaninfo(MS1DATA) FILTER MS1MZ= 162.11246:TOLERANCEPPM=2.5 AND RTMIN=0.35 AND RTMAX=0.65,NULL,NULL
43,265,0.846146148533,1,110183.765625,0.005399267827118393,ms_data_01.mzML,L-Carnitine,QUERY scaninfo(MS1DATA) FILTER MS1MZ= 162.11246:TOLERANCEPPM=2.5 AND RTMIN=0.35 AND RTMAX=0.65,NULL,NULL
44,268,0.856924284267,1,100054.9296875,0.005247043586729541,ms_data_01.mzML,L-Carnitine,QUERY scaninfo(MS1DATA) FILTER MS1MZ= 162.11246:TOLERANCEPPM=2.5 AND RTMIN=0.35 AND RTMAX=0.65,NULL,NULL
45,271,0.866739597867,1,95498.46875,0.0053711930004640114,ms_data_01.mzML,L-Carnitine,QUERY scaninfo(MS1DATA) FILTER MS1MZ= 162.11246:TOLERANCEPPM=2.5 AND RTMIN=0.35 AND RTMAX=0.65,NULL,NULL
46,274,0.876334977067,1,105430.6484375,0.0027746472968764343,ms_data_01.mzML,L-Carnitine,QUERY scaninfo(MS1DATA) FILTER MS1MZ= 162.11246:TOLERANCEPPM=2.5 AND RTMIN=0.35 AND RTMAX=0.65,NULL,NULL
47,280,0.8956629648,1,70536.203125,0.0025494407455162633,ms_data_01.mzML,L-Carnitine,QUERY scaninfo(MS1DATA) FILTER MS1MZ= 162.11246:TOLERANCEPPM=2.5 AND RTMIN=0.35 AND RTMAX=0.65,NULL,NULL
48,283,0.905373565333,1,60412.59375,0.003470507795467933,ms_data_01.mzML,L-Carnitine,QUERY scaninfo(MS1DATA) FILTER MS1MZ= 162.11246:TOLERANCEPPM=2.5 AND RTMIN=0.35 AND RTMAX=0.65,NULL,NULL
49,286,0.9156388696,1,54798.05078125,0.0007697237602125468,ms_data_01.mzML,L-Carnitine,QUERY scaninfo(MS1DATA) FILTER MS1MZ= 162.11246:TOLERANCEPPM=2.5 AND RTMIN=0.35 AND RTMAX=0.65,NULL,NULL
50,289,0.9258603208,1,66076.203125,0.00045057617551359634,ms_data_01.mzML,L-Carnitine,QUERY scaninfo(MS1DATA) FILTER MS1MZ= 162.11246:TOLERANCEPPM=2.5 AND RTMIN=0.35 AND RTMAX=0.65,NULL,NULL
51,292,0.9361798248,1,54448.76953125,0.0002775702656140346,ms_data_01.mzML,L-Carnitine,QUERY scaninfo(MS1DATA) FILTER MS1MZ= 162.11246:TOLERANCEPPM=2.5 AND RTMIN=0.35 AND RTMAX=0.65,NULL,NULL
52,295,0.945583227733,1,24833.701171875,0.00014458898117790842,ms_data_01.mzML,L-Carnitine,QUERY scaninfo(MS1DATA) FILTER MS1MZ= 162.11246:TOLERANCEPPM=2.5 AND RTMIN=0.35 AND RTMAX=0.65,NULL,NULL
53,298,0.955350059733,1,60268.125,0.0003835932721642467,ms_data_01.mzML,L-Carnitine,QUERY scaninfo(MS1DATA) FILTER MS1MZ= 162.11246:TOLERANCEPPM=2.5 AND RTMIN=0.35 AND RTMAX=0.65,NULL,NULL
54,301,0.965341584533,1,34355.53515625,0.0004124149176399051,ms_data_01.mzML,L-Carnitine,QUERY scaninfo(MS1DATA) FILTER MS1MZ= 162.11246:TOLERANCEPPM=2.5 AND RTMIN=0.35 AND RTMAX=0.65,NULL,NULL
55,304,0.9749086744,1,57220.82421875,0.0016908825280495699,ms_data_01.mzML,L-Carnitine,QUERY scaninfo(MS1DATA) FILTER MS1MZ= 162.11246:TOLERANCEPPM=2.5 AND RTMIN=0.35 AND RTMAX=0.65,NULL,NULL
56,307,0.985185470133,1,27230.9609375,0.0009363438920691824,ms_data_01.mzML,L-Carnitine,QUERY scaninfo(MS1DATA) FILTER MS1MZ= 162.11246:TOLERANCEPPM=2.5 AND RTMIN=0.35 AND RTMAX=0.65,NULL,NULL
57,310,0.994707510133,1,54248.5625,0.0017079278064815202,ms_data_01.mzML,L-Carnitine,QUERY scaninfo(MS1DATA) FILTER MS1MZ= 162.11246:TOLERANCEPPM=2.5 AND RTMIN=0.35 AND RTMAX=0.65,NULL,NULL
0,141,0.456056150933,1,132534.71875,0.0023124492746638982,ms_data_01.mzML,Malonyl-L-carnitine,QUERY scaninfo(MS1DATA) FILTER MS1MZ= 248.11286:TOLERANCEPPM=2.5 AND RTMIN=0.55 AND RTMAX=0.85,NULL,NULL
1,144,0.465000846933,1,83810.203125,0.0009029301788226207,ms_data_01.mzML,Malonyl-L-carnitine,QUERY scaninfo(MS1DATA) FILTER MS1MZ= 248.11286:TOLERANCEPPM=2.5 AND RTMIN=0.55 AND RTMAX=0.85,NULL,NULL
2,147,0.4744597176,1,43526.66015625,0.000159567821536015,ms_data_01.mzML,Malonyl-L-carnitine,QUERY scaninfo(MS1DATA) FILTER MS1MZ= 248.11286:TOLERANCEPPM=2.5 AND RTMIN=0.55 AND RTMAX=0.85,NULL,NULL
3,163,0.520214565333,1,34041.5078125,0.00044048507697096954,ms_data_01.mzML,Malonyl-L-carnitine,QUERY scaninfo(MS1DATA) FILTER MS1MZ= 248.11286:TOLERANCEPPM=2.5 AND RTMIN=0.55 AND RTMAX=0.85,NULL,NULL
4,172,0.548074077333,1,27157.65234375,0.00037661239462192614,ms_data_01.mzML,Malonyl-L-carnitine,QUERY scaninfo(MS1DATA) FILTER MS1MZ= 248.11286:TOLERANCEPPM=2.5 AND RTMIN=0.55 AND RTMAX=0.85,NULL,NULL
5,202,0.6425291392,1,15642.37890625,0.0006500236701557601,ms_data_01.mzML,Malonyl-L-carnitine,QUERY scaninfo(MS1DATA) FILTER MS1MZ= 248.11286:TOLERANCEPPM=2.5 AND RTMIN=0.55 AND RTMAX=0.85,NULL,NULL
6,205,0.652362350133,1,578126.5625,0.027838767084830903,ms_data_01.mzML,Malonyl-L-carnitine,QUERY scaninfo(MS1DATA) FILTER MS1MZ= 248.11286:TOLERANCEPPM=2.5 AND RTMIN=0.55 AND RTMAX=0.85,NULL,NULL
7,208,0.662013409067,1,2628108.0,0.12430692748984869,ms_data_01.mzML,Malonyl-L-carnitine,QUERY scaninfo(MS1DATA) FILTER MS1MZ= 248.11286:TOLERANCEPPM=2.5 AND RTMIN=0.55 AND RTMAX=0.85,NULL,NULL
8,211,0.6715738088,1,3547527.25,0.21031259830074656,ms_data_01.mzML,Malonyl-L-carnitine,QUERY scaninfo(MS1DATA) FILTER MS1MZ= 248.11286:TOLERANCEPPM=2.5 AND RTMIN=0.55 AND RTMAX=0.85,NULL,NULL
9,214,0.681391132,1,2989163.75,0.17411112084490468,ms_data_01.mzML,Malonyl-L-carnitine,QUERY scaninfo(MS1DATA) FILTER MS1MZ= 248.11286:TOLERANCEPPM=2.5 AND RTMIN=0.55 AND RTMAX=0.85,NULL,NULL
10,217,0.691030676,1,1569905.125,0.04792738839662146,ms_data_01.mzML,Malonyl-L-carnitine,QUERY scaninfo(MS1DATA) FILTER MS1MZ= 248.11286:TOLERANCEPPM=2.5 AND RTMIN=0.55 AND RTMAX=0.85,NULL,NULL
11,220,0.700599401067,1,712594.25,0.010753229027880333,ms_data_01.mzML,Malonyl-L-carnitine,QUERY scaninfo(MS1DATA) FILTER MS1MZ= 248.11286:TOLERANCEPPM=2.5 AND RTMIN=0.55 AND RTMAX=0.85,NULL,NULL
12,223,0.710024256533,1,155598.71875,0.003639124567932257,ms_data_01.mzML,Malonyl-L-carnitine,QUERY scaninfo(MS1DATA) FILTER MS1MZ= 248.11286:TOLERANCEPPM=2.5 AND RTMIN=0.55 AND RTMAX=0.85,NULL,NULL
13,226,0.719390229333,1,100794.7265625,0.0032683780513591523,ms_data_01.mzML,Malonyl-L-carnitine,QUERY scaninfo(MS1DATA) FILTER MS1MZ= 248.11286:TOLERANCEPPM=2.5 AND RTMIN=0.55 AND RTMAX=0.85,NULL,NULL
14,229,0.728873813867,1,50231.75,0.0016046623480615312,ms_data_01.mzML,Malonyl-L-carnitine,QUERY scaninfo(MS1DATA) FILTER MS1MZ= 248.11286:TOLERANCEPPM=2.5 AND RTMIN=0.55 AND RTMAX=0.85,NULL,NULL
15,232,0.738791329333,1,51036.27734375,0.001286584815612444,ms_data_01.mzML,Malonyl-L-carnitine,QUERY scaninfo(MS1DATA) FILTER MS1MZ= 248.11286:TOLERANCEPPM=2.5 AND RTMIN=0.55 AND RTMAX=0.85,NULL,NULL
16,235,0.748569812267,1,107786.3359375,0.0012318888912223075,ms_data_01.mzML,Malonyl-L-carnitine,QUERY scaninfo(MS1DATA) FILTER MS1MZ= 248.11286:TOLERANCEPPM=2.5 AND RTMIN=0.55 AND RTMAX=0.85,NULL,NULL
17,238,0.7578404536,1,64821.90234375,0.0013923000195146106,ms_data_01.mzML,Malonyl-L-carnitine,QUERY scaninfo(MS1DATA) FILTER MS1MZ= 248.11286:TOLERANCEPPM=2.5 AND RTMIN=0.55 AND RTMAX=0.85,NULL,NULL
18,247,0.786366001867,1,35506.4375,0.0012653023941381577,ms_data_01.mzML,Malonyl-L-carnitine,QUERY scaninfo(MS1DATA) FILTER MS1MZ= 248.11286:TOLERANCEPPM=2.5 AND RTMIN=0.55 AND RTMAX=0.85,NULL,NULL
19,253,0.805699680533,1,23409.521484375,0.0011812620599620577,ms_data_01.mzML,Malonyl-L-carnitine,QUERY scaninfo(MS1DATA) FILTER MS1MZ= 248.11286:TOLERANCEPPM=2.5 AND RTMIN=0.55 AND RTMAX=0.85,NULL,NULL
20,259,0.826232310933,1,13407.0048828125,0.0006897587446741404,ms_data_01.mzML,Malonyl-L-carnitine,QUERY scaninfo(MS1DATA) FILTER MS1MZ= 248.11286:TOLERANCEPPM=2.5 AND RTMIN=0.55 AND RTMAX=0.85,NULL,NULL
21,262,0.8362469816,1,17436.21875,0.000792237350441859,ms_data_01.mzML,Malonyl-L-carnitine,QUERY scaninfo(MS1DATA) FILTER MS1MZ= 248.11286:TOLERANCEPPM=2.5 AND RTMIN=0.55 AND RTMAX=0.85,NULL,NULL
22,265,0.846146148533,1,20184.65625,0.0009890963925028697,ms_data_01.mzML,Malonyl-L-carnitine,QUERY scaninfo(MS1DATA) FILTER MS1MZ= 248.11286:TOLERANCEPPM=2.5 AND RTMIN=0.55 AND RTMAX=0.85,NULL,NULL
23,268,0.856924284267,1,15162.6064453125,0.0007951517946738445,ms_data_01.mzML,Malonyl-L-carnitine,QUERY scaninfo(MS1DATA) FILTER MS1MZ= 248.11286:TOLERANCEPPM=2.5 AND RTMIN=0.55 AND RTMAX=0.85,NULL,NULL
24,283,0.905373565333,1,17158.15625,0.000985680490195504,ms_data_01.mzML,Malonyl-L-carnitine,QUERY scaninfo(MS1DATA) FILTER MS1MZ= 248.11286:TOLERANCEPPM=2.5 AND RTMIN=0.55 AND RTMAX=0.85,NULL,NULL
25,286,0.9156388696,1,87706.40625,0.0012319727408365902,ms_data_01.mzML,Malonyl-L-carnitine,QUERY scaninfo(MS1DATA) FILTER MS1MZ= 248.11286:TOLERANCEPPM=2.5 AND RTMIN=0.55 AND RTMAX=0.85,NULL,NULL
26,289,0.9258603208,1,274620.0,0.0018726443631372595,ms_data_01.mzML,Malonyl-L-carnitine,QUERY scaninfo(MS1DATA) FILTER MS1MZ= 248.11286:TOLERANCEPPM=2.5 AND RTMIN=0.55 AND RTMAX=0.85,NULL,NULL
27,292,0.9361798248,1,566996.1875,0.002890446996716675,ms_data_01.mzML,Malonyl-L-carnitine,QUERY scaninfo(MS1DATA) FILTER MS1MZ= 248.11286:TOLERANCEPPM=2.5 AND RTMIN=0.55 AND RTMAX=0.85,NULL,NULL
28,295,0.945583227733,1,499648.21875,0.0029090962477328008,ms_data_01.mzML,Malonyl-L-carnitine,QUERY scaninfo(MS1DATA) FILTER MS1MZ= 248.11286:TOLERANCEPPM=2.5 AND RTMIN=0.55 AND RTMAX=0.85,NULL,NULL
29,298,0.955350059733,1,337048.625,0.002145239875012042,ms_data_01.mzML,Malonyl-L-carnitine,QUERY scaninfo(MS1DATA) FILTER MS1MZ= 248.11286:TOLERANCEPPM=2.5 AND RTMIN=0.55 AND RTMAX=0.85,NULL,NULL
30,301,0.965341584533,1,308323.28125,0.0037012120482149283,ms_data_01.mzML,Malonyl-L-carnitine,QUERY scaninfo(MS1DATA) FILTER MS1MZ= 248.11286:TOLERANCEPPM=2.5 AND RTMIN=0.55 AND RTMAX=0.85,NULL,NULL
31,304,0.9749086744,1,165499.515625,0.004890531431374976,ms_data_01.mzML,Malonyl-L-carnitine,QUERY scaninfo(MS1DATA) FILTER MS1MZ= 248.11286:TOLERANCEPPM=2.5 AND RTMIN=0.55 AND RTMAX=0.85,NULL,NULL
32,307,0.985185470133,1,124811.421875,0.004291674201338536,ms_data_01.mzML,Malonyl-L-carnitine,QUERY scaninfo(MS1DATA) FILTER MS1MZ= 248.11286:TOLERANCEPPM=2.5 AND RTMIN=0.55 AND RTMAX=0.85,NULL,NULL
0,80,0.267206220267,1,5775.42822265625,0.00032358751901215857,ms_data_02.mzML,L-Carnitine,QUERY scaninfo(MS1DATA) FILTER MS1MZ= 162.11246:TOLERANCEPPM=2.5 AND RTMIN=0.35 AND RTMAX=0.65,NULL,NULL
1,92,0.306398274133,1,5201.1708984375,0.0003151157785807618,ms_data_02.mzML,L-Carnitine,QUERY scaninfo(MS1DATA) FILTER MS1MZ= 162.11246:TOLERANCEPPM=2.5 AND RTMIN=0.35 AND RTMAX=0.65,NULL,NULL
2,137,0.452411138133,1,161202.921875,0.0013316502571145347,ms_data_02.mzML,L-Carnitine,QUERY scaninfo(MS1DATA) FILTER MS1MZ= 162.11246:TOLERANCEPPM=2.5 AND RTMIN=0.35 AND RTMAX=0.65,NULL,NULL
3,140,0.4620484584,1,505878.46875,0.008845735225542101,ms_data_02.mzML,L-Carnitine,QUERY scaninfo(MS1DATA) FILTER MS1MZ= 162.11246:TOLERANCEPPM=2.5 AND RTMIN=0.35 AND RTMAX=0.65,NULL,NULL
4,143,0.472013863733,1,17855524.0,0.17614263545923117,ms_data_02.mzML,L-Carnitine,QUERY scaninfo(MS1DATA) FILTER MS1MZ= 162.11246:TOLERANCEPPM=2.5 AND RTMIN=0.35 AND RTMAX=0.65,NULL,NULL
5,146,0.4817665352,1,49508700.0,0.08876816261150765,ms_data_02.mzML,L-Carnitine,QUERY scaninfo(MS1DATA) FILTER MS1MZ= 162.11246:TOLERANCEPPM=2.5 AND RTMIN=0.35 AND RTMAX=0.65,NULL,NULL
6,149,0.491216751733,1,54140896.0,0.055592959188354094,ms_data_02.mzML,L-Carnitine,QUERY scaninfo(MS1DATA) FILTER MS1MZ= 162.11246:TOLERANCEPPM=2.5 AND RTMIN=0.35 AND RTMAX=0.65,NULL,NULL
7,152,0.500269352267,1,34199376.0,0.035615676395608455,ms_data_02.mzML,L-Carnitine,QUERY scaninfo(MS1DATA) FILTER MS1MZ= 162.11246:TOLERANCEPPM=2.5 AND RTMIN=0.35 AND RTMAX=0.65,NULL,NULL
8,155,0.509924524533,1,9771982.0,0.03841357492638983,ms_data_02.mzML,L-Carnitine,QUERY scaninfo(MS1DATA) FILTER MS1MZ= 162.11246:TOLERANCEPPM=2.5 AND RTMIN=0.35 AND RTMAX=0.65,NULL,NULL
9,158,0.5194310232,1,4781691.0,0.05111170984014662,ms_data_02.mzML,L-Carnitine,QUERY scaninfo(MS1DATA) FILTER MS1MZ= 162.11246:TOLERANCEPPM=2.5 AND RTMIN=0.35 AND RTMAX=0.65,NULL,NULL
10,161,0.528728550933,1,2554248.0,0.018199817500772954,ms_data_02.mzML,L-Carnitine,QUERY scaninfo(MS1DATA) FILTER MS1MZ= 162.11246:TOLERANCEPPM=2.5 AND RTMIN=0.35 AND RTMAX=0.65,NULL,NULL
11,164,0.5381984512,1,2234326.0,0.015456636141612492,ms_data_02.mzML,L-Carnitine,QUERY scaninfo(MS1DATA) FILTER MS1MZ= 162.11246:TOLERANCEPPM=2.5 AND RTMIN=0.35 AND RTMAX=0.65,NULL,NULL
12,167,0.548020870667,1,2064542.5,0.028172803740103218,ms_data_02.mzML,L-Carnitine,QUERY scaninfo(MS1DATA) FILTER MS1MZ= 162.11246:TOLERANCEPPM=2.5 AND RTMIN=0.35 AND RTMAX=0.65,NULL,NULL
13,170,0.558263558933,1,1670677.875,0.005899480931319994,ms_data_02.mzML,L-Carnitine,QUERY scaninfo(MS1DATA) FILTER MS1MZ= 162.11246:TOLERANCEPPM=2.5 AND RTMIN=0.35 AND RTMAX=0.65,NULL,NULL
14,173,0.568000608267,1,930809.75,0.001986666453175539,ms_data_02.mzML,L-Carnitine,QUERY scaninfo(MS1DATA) FILTER MS1MZ= 162.11246:TOLERANCEPPM=2.5 AND RTMIN=0.35 AND RTMAX=0.65,NULL,NULL
15,176,0.577105699467,1,1189776.375,0.003152971250246137,ms_data_02.mzML,L-Carnitine,QUERY scaninfo(MS1DATA) FILTER MS1MZ= 162.11246:TOLERANCEPPM=2.5 AND RTMIN=0.35 AND RTMAX=0.65,NULL,NULL
16,179,0.586641825867,1,874608.5,0.0027936500089998993,ms_data_02.mzML,L-Carnitine,QUERY scaninfo(MS1DATA) FILTER MS1MZ= 162.11246:TOLERANCEPPM=2.5 AND RTMIN=0.35 AND RTMAX=0.65,NULL,NULL
17,182,0.5965441112,1,559824.0625,0.0018167919507983779,ms_data_02.mzML,L-Carnitine,QUERY scaninfo(MS1DATA) FILTER MS1MZ= 162.11246:TOLERANCEPPM=2.5 AND RTMIN=0.35 AND RTMAX=0.65,NULL,NULL
18,185,0.6062172416,1,397237.875,0.00201977368712381,ms_data_02.mzML,L-Carnitine,QUERY scaninfo(MS1DATA) FILTER MS1MZ= 162.11246:TOLERANCEPPM=2.5 AND RTMIN=0.35 AND RTMAX=0.65,NULL,NULL
19,188,0.615869279467,1,371643.5,0.003887332719912345,ms_data_02.mzML,L-Carnitine,QUERY scaninfo(MS1DATA) FILTER MS1MZ= 162.11246:TOLERANCEPPM=2.5 AND RTMIN=0.35 AND RTMAX=0.65,NULL,NULL
20,191,0.626371913333,1,264365.5,0.005656987333884555,ms_data_02.mzML,L-Carnitine,QUERY scaninfo(MS1DATA) FILTER MS1MZ= 162.11246:TOLERANCEPPM=2.5 AND RTMIN=0.35 AND RTMAX=0.65,NULL,NULL
21,194,0.636236666933,1,308852.3125,0.009943139655236246,ms_data_02.mzML,L-Carnitine,QUERY scaninfo(MS1DATA) FILTER MS1MZ= 162.11246:TOLERANCEPPM=2.5 AND RTMIN=0.35 AND RTMAX=0.65,NULL,NULL
22,197,0.646170883733,1,268047.96875,0.013167289892818774,ms_data_02.mzML,L-Carnitine,QUERY scaninfo(MS1DATA) FILTER MS1MZ= 162.11246:TOLERANCEPPM=2.5 AND RTMIN=0.35 AND RTMAX=0.65,NULL,NULL
23,200,0.6560410208,1,325821.4375,0.013743990247217784,ms_data_02.mzML,L-Carnitine,QUERY scaninfo(MS1DATA) FILTER MS1MZ= 162.11246:TOLERANCEPPM=2.5 AND RTMIN=0.35 AND RTMAX=0.65,NULL,NULL
24,203,0.666396623467,1,464160.5625,0.02134002871171962,ms_data_02.mzML,L-Carnitine,QUERY scaninfo(MS1DATA) FILTER MS1MZ= 162.11246:TOLERANCEPPM=2.5 AND RTMIN=0.35 AND RTMAX=0.65,NULL,NULL
25,206,0.675956745333,1,559486.5625,0.03307930120766295,ms_data_02.mzML,L-Carnitine,QUERY scaninfo(MS1DATA) FILTER MS1MZ= 162.11246:TOLERANCEPPM=2.5 AND RTMIN=0.35 AND RTMAX=0.65,NULL,NULL
26,209,0.685872085333,1,608381.0625,0.03533658813924536,ms_data_02.mzML,L-Carnitine,QUERY scaninfo(MS1DATA) FILTER MS1MZ= 162.11246:TOLERANCEPPM=2.5 AND RTMIN=0.35 AND RTMAX=0.65,NULL,NULL
27,212,0.695762095733,1,418808.59375,0.007831577156580982,ms_data_02.mzML,L-Carnitine,QUERY scaninfo(MS1DATA) FILTER MS1MZ= 162.11246:TOLERANCEPPM=2.5 AND RTMIN=0.35 AND RTMAX=0.65,NULL,NULL
28,215,0.705827592533,1,259763.265625,0.004113596704492404,ms_data_02.mzML,L-Carnitine,QUERY scaninfo(MS1DATA) FILTER MS1MZ= 162.11246:TOLERANCEPPM=2.5 AND RTMIN=0.35 AND RTMAX=0.65,NULL,NULL
29,218,0.715683590133,1,156264.703125,0.004141589849943579,ms_data_02.mzML,L-Carnitine,QUERY scaninfo(MS1DATA) FILTER MS1MZ= 162.11246:TOLERANCEPPM=2.5 AND RTMIN=0.35 AND RTMAX=0.65,NULL,NULL
30,221,0.725530663467,1,117217.25,0.003066324303866317,ms_data_02.mzML,L-Carnitine,QUERY scaninfo(MS1DATA) FILTER MS1MZ= 162.11246:TOLERANCEPPM=2.5 AND RTMIN=0.35 AND RTMAX=0.65,NULL,NULL
31,224,0.735165498133,1,127537.171875,0.003978104775478511,ms_data_02.mzML,L-Carnitine,QUERY scaninfo(MS1DATA) FILTER MS1MZ= 162.11246:TOLERANCEPPM=2.5 AND RTMIN=0.35 AND RTMAX=0.65,NULL,NULL
32,227,0.745190382667,1,133736.234375,0.002123323415982169,ms_data_02.mzML,L-Carnitine,QUERY scaninfo(MS1DATA) FILTER MS1MZ= 162.11246:TOLERANCEPPM=2.5 AND RTMIN=0.35 AND RTMAX=0.65,NULL,NULL
33,230,0.754652384,1,138443.734375,0.0028371264163321937,ms_data_02.mzML,L-Carnitine,QUERY scaninfo(MS1DATA) FILTER MS1MZ= 162.11246:TOLERANCEPPM=2.5 AND RTMIN=0.35 AND RTMAX=0.65,NULL,NULL
34,233,0.764375107467,1,162312.78125,0.0034214407834233687,ms_data_02.mzML,L-Carnitine,QUERY scaninfo(MS1DATA) FILTER MS1MZ= 162.11246:TOLERANCEPPM=2.5 AND RTMIN=0.35 AND RTMAX=0.65,NULL,NULL
35,236,0.774106945333,1,168528.890625,0.005471331392636857,ms_data_02.mzML,L-Carnitine,QUERY scaninfo(MS1DATA) FILTER MS1MZ= 162.11246:TOLERANCEPPM=2.5 AND RTMIN=0.35 AND RTMAX=0.65,NULL,NULL
36,239,0.784041150933,1,222776.125,0.008628953466131718,ms_data_02.mzML,L-Carnitine,QUERY scaninfo(MS1DATA) FILTER MS1MZ= 162.11246:TOLERANCEPPM=2.5 AND RTMIN=0.35 AND RTMAX=0.65,NULL,NULL
37,242,0.793566997333,1,135039.5,0.005728178756488552,ms_data_02.mzML,L-Carnitine,QUERY scaninfo(MS1DATA) FILTER MS1MZ= 162.11246:TOLERANCEPPM=2.5 AND RTMIN=0.35 AND RTMAX=0.65,NULL,NULL
38,245,0.8033309336,1,144627.25,0.0065148096606063325,ms_data_02.mzML,L-Carnitine,QUERY scaninfo(MS1DATA) FILTER MS1MZ= 162.11246:TOLERANCEPPM=2.5 AND RTMIN=0.35 AND RTMAX=0.65,NULL,NULL
39,248,0.812981076267,1,132413.296875,0.005852509509814919,ms_data_02.mzML,L-Carnitine,QUERY scaninfo(MS1DATA) FILTER MS1MZ= 162.11246:TOLERANCEPPM=2.5 AND RTMIN=0.35 AND RTMAX=0.65,NULL,NULL
40,251,0.822673992267,1,126704.0078125,0.006129994532648422,ms_data_02.mzML,L-Carnitine,QUERY scaninfo(MS1DATA) FILTER MS1MZ= 162.11246:TOLERANCEPPM=2.5 AND RTMIN=0.35 AND RTMAX=0.65,NULL,NULL
41,254,0.832343977867,1,102697.625,0.004956795006060751,ms_data_02.mzML,L-Carnitine,QUERY scaninfo(MS1DATA) FILTER MS1MZ= 162.11246:TOLERANCEPPM=2.5 AND RTMIN=0.35 AND RTMAX=0.65,NULL,NULL
42,257,0.843001542933,1,125697.9296875,0.0052384151473415,ms_data_02.mzML,L-Carnitine,QUERY scaninfo(MS1DATA) FILTER MS1MZ= 162.11246:TOLERANCEPPM=2.5 AND RTMIN=0.35 AND RTMAX=0.65,NULL,NULL
43,260,0.853289653867,1,91351.6328125,0.003903127300283088,ms_data_02.mzML,L-Carnitine,QUERY scaninfo(MS1DATA) FILTER MS1MZ= 162.11246:TOLERANCEPPM=2.5 AND RTMIN=0.35 AND RTMAX=0.65,NULL,NULL
44,263,0.862983383467,1,71325.0078125,0.003602585709835833,ms_data_02.mzML,L-Carnitine,QUERY scaninfo(MS1DATA) FILTER MS1MZ= 162.11246:TOLERANCEPPM=2.5 AND RTMIN=0.35 AND RTMAX=0.65,NULL,NULL
45,266,0.872517658667,1,68975.0078125,0.003657733920873957,ms_data_02.mzML,L-Carnitine,QUERY scaninfo(MS1DATA) FILTER MS1MZ= 162.11246:TOLERANCEPPM=2.5 AND RTMIN=0.35 AND RTMAX=0.65,NULL,NULL
46,272,0.893089810933,1,48518.765625,0.0013699828783078644,ms_data_02.mzML,L-Carnitine,QUERY scaninfo(MS1DATA) FILTER MS1MZ= 162.11246:TOLERANCEPPM=2.5 AND RTMIN=0.35 AND RTMAX=0.65,NULL,NULL
47,275,0.9027492528,1,72994.1328125,0.0029070477923817117,ms_data_02.mzML,L-Carnitine,QUERY scaninfo(MS1DATA) FILTER MS1MZ= 162.11246:TOLERANCEPPM=2.5 AND RTMIN=0.35 AND RTMAX=0.65,NULL,NULL
48,278,0.9122728824,1,54943.6875,0.0014342368863058,ms_data_02.mzML,L-Carnitine,QUERY scaninfo(MS1DATA) FILTER MS1MZ= 162.11246:TOLERANCEPPM=2.5 AND RTMIN=0.35 AND RTMAX=0.65,NULL,NULL
49,281,0.922082986667,1,66050.9609375,0.0005057514158957662,ms_data_02.mzML,L-Carnitine,QUERY scaninfo(MS1DATA) FILTER MS1MZ= 162.11246:TOLERANCEPPM=2.5 AND RTMIN=0.35 AND RTMAX=0.65,NULL,NULL
50,284,0.9321977016,1,43369.26171875,0.00024114019987960466,ms_data_02.mzML,L-Carnitine,QUERY scaninfo(MS1DATA) FILTER MS1MZ= 162.11246:TOLERANCEPPM=2.5 AND RTMIN=0.35 AND RTMAX=0.65,NULL,NULL
51,287,0.9415791552,1,37611.828125,0.00022790519079530282,ms_data_02.mzML,L-Carnitine,QUERY scaninfo(MS1DATA) FILTER MS1MZ= 162.11246:TOLERANCEPPM=2.5 AND RTMIN=0.35 AND RTMAX=0.65,NULL,NULL
52,290,0.951629849067,1,88221.8984375,0.0004763645874487425,ms_data_02.mzML,L-Carnitine,QUERY scaninfo(MS1DATA) FILTER MS1MZ= 162.11246:TOLERANCEPPM=2.5 AND RTMIN=0.35 AND RTMAX=0.65,NULL,NULL
53,293,0.961316197333,1,58314.4296875,0.0005833688238679303,ms_data_02.mzML,L-Carnitine,QUERY scaninfo(MS1DATA) FILTER MS1MZ= 162.11246:TOLERANCEPPM=2.5 AND RTMIN=0.35 AND RTMAX=0.65,NULL,NULL
54,296,0.971218679467,1,47787.3828125,0.0011037731757134058,ms_data_02.mzML,L-Carnitine,QUERY scaninfo(MS1DATA) FILTER MS1MZ= 162.11246:TOLERANCEPPM=2.5 AND RTMIN=0.35 AND RTMAX=0.65,NULL,NULL
55,299,0.9811802856,1,43638.6328125,0.002191564442977664,ms_data_02.mzML,L-Carnitine,QUERY scaninfo(MS1DATA) FILTER MS1MZ= 162.11246:TOLERANCEPPM=2.5 AND RTMIN=0.35 AND RTMAX=0.65,NULL,NULL
56,302,0.991045688267,1,31817.236328125,0.001107718913535029,ms_data_02.mzML,L-Carnitine,QUERY scaninfo(MS1DATA) FILTER MS1MZ= 162.11246:TOLERANCEPPM=2.5 AND RTMIN=0.35 AND RTMAX=0.65,NULL,NULL
0,50,0.169677461067,1,5680.22705078125,0.00034308522462765716,ms_data_02.mzML,Malonyl-L-carnitine,QUERY scaninfo(MS1DATA) FILTER MS1MZ= 248.11286:TOLERANCEPPM=2.5 AND RTMIN=0.55 AND RTMAX=0.85,NULL,NULL
1,140,0.4620484584,1,213303.34375,0.0037297987917879545,ms_data_02.mzML,Malonyl-L-carnitine,QUERY scaninfo(MS1DATA) FILTER MS1MZ= 248.11286:TOLERANCEPPM=2.5 AND RTMIN=0.55 AND RTMAX=0.85,NULL,NULL
2,143,0.472013863733,1,73997.6328125,0.0007299779083121969,ms_data_02.mzML,Malonyl-L-carnitine,QUERY scaninfo(MS1DATA) FILTER MS1MZ= 248.11286:TOLERANCEPPM=2.5 AND RTMIN=0.55 AND RTMAX=0.85,NULL,NULL
3,155,0.509924524533,1,50477.80859375,0.00019842781971313295,ms_data_02.mzML,Malonyl-L-carnitine,QUERY scaninfo(MS1DATA) FILTER MS1MZ= 248.11286:TOLERANCEPPM=2.5 AND RTMIN=0.55 AND RTMAX=0.85,NULL,NULL
4,158,0.5194310232,1,48345.9296875,0.0005167718135989193,ms_data_02.mzML,Malonyl-L-carnitine,QUERY scaninfo(MS1DATA) FILTER MS1MZ= 248.11286:TOLERANCEPPM=2.5 AND RTMIN=0.55 AND RTMAX=0.85,NULL,NULL
5,167,0.548020870667,1,22400.447265625,0.00030567711950952084,ms_data_02.mzML,Malonyl-L-carnitine,QUERY scaninfo(MS1DATA) FILTER MS1MZ= 248.11286:TOLERANCEPPM=2.5 AND RTMIN=0.55 AND RTMAX=0.85,NULL,NULL
6,182,0.5965441112,1,59329.73828125,0.00019254226135081393,ms_data_02.mzML,Malonyl-L-carnitine,QUERY scaninfo(MS1DATA) FILTER MS1MZ= 248.11286:TOLERANCEPPM=2.5 AND RTMIN=0.55 AND RTMAX=0.85,NULL,NULL
7,191,0.626371913333,1,17410.662109375,0.0003725595625271759,ms_data_02.mzML,Malonyl-L-carnitine,QUERY scaninfo(MS1DATA) FILTER MS1MZ= 248.11286:TOLERANCEPPM=2.5 AND RTMIN=0.55 AND RTMAX=0.85,NULL,NULL
8,194,0.636236666933,1,14309.4951171875,0.0004606774907865275,ms_data_02.mzML,Malonyl-L-carnitine,QUERY scaninfo(MS1DATA) FILTER MS1MZ= 248.11286:TOLERANCEPPM=2.5 AND RTMIN=0.55 AND RTMAX=0.85,NULL,NULL
9,197,0.646170883733,1,86392.671875,0.0042438573979803615,ms_data_02.mzML,Malonyl-L-carnitine,QUERY scaninfo(MS1DATA) FILTER MS1MZ= 248.11286:TOLERANCEPPM=2.5 AND RTMIN=0.55 AND RTMAX=0.85,NULL,NULL
10,200,0.6560410208,1,1004392.6875,0.04236787918958482,ms_data_02.mzML,Malonyl-L-carnitine,QUERY scaninfo(MS1DATA) FILTER MS1MZ= 248.11286:TOLERANCEPPM=2.5 AND RTMIN=0.55 AND RTMAX=0.85,NULL,NULL
11,203,0.666396623467,1,3149125.75,0.14478273113049236,ms_data_02.mzML,Malonyl-L-carnitine,QUERY scaninfo(MS1DATA) FILTER MS1MZ= 248.11286:TOLERANCEPPM=2.5 AND RTMIN=0.55 AND RTMAX=0.85,NULL,NULL
12,206,0.675956745333,1,3870179.0,0.22882196901479968,ms_data_02.mzML,Malonyl-L-carnitine,QUERY scaninfo(MS1DATA) FILTER MS1MZ= 248.11286:TOLERANCEPPM=2.5 AND RTMIN=0.55 AND RTMAX=0.85,NULL,NULL
13,209,0.685872085333,1,2229348.0,0.12948718648692384,ms_data_02.mzML,Malonyl-L-carnitine,QUERY scaninfo(MS1DATA) FILTER MS1MZ= 248.11286:TOLERANCEPPM=2.5 AND RTMIN=0.55 AND RTMAX=0.85,NULL,NULL
14,212,0.695762095733,1,1371922.125,0.025654473511524112,ms_data_02.mzML,Malonyl-L-carnitine,QUERY scaninfo(MS1DATA) FILTER MS1MZ= 248.11286:TOLERANCEPPM=2.5 AND RTMIN=0.55 AND RTMAX=0.85,NULL,NULL
15,215,0.705827592533,1,418387.78125,0.006625565758918646,ms_data_02.mzML,Malonyl-L-carnitine,QUERY scaninfo(MS1DATA) FILTER MS1MZ= 248.11286:TOLERANCEPPM=2.5 AND RTMIN=0.55 AND RTMAX=0.85,NULL,NULL
16,218,0.715683590133,1,171134.21875,0.004535686749336242,ms_data_02.mzML,Malonyl-L-carnitine,QUERY scaninfo(MS1DATA) FILTER MS1MZ= 248.11286:TOLERANCEPPM=2.5 AND RTMIN=0.55 AND RTMAX=0.85,NULL,NULL
17,221,0.725530663467,1,95785.2890625,0.002505678642053147,ms_data_02.mzML,Malonyl-L-carnitine,QUERY scaninfo(MS1DATA) FILTER MS1MZ= 248.11286:TOLERANCEPPM=2.5 AND RTMIN=0.55 AND RTMAX=0.85,NULL,NULL
18,224,0.735165498133,1,41358.859375,0.0012900542921658045,ms_data_02.mzML,Malonyl-L-carnitine,QUERY scaninfo(MS1DATA) FILTER MS1MZ= 248.11286:TOLERANCEPPM=2.5 AND RTMIN=0.55 AND RTMAX=0.85,NULL,NULL
19,227,0.745190382667,1,57150.4140625,0.0009073742279277698,ms_data_02.mzML,Malonyl-L-carnitine,QUERY scaninfo(MS1DATA) FILTER MS1MZ= 248.11286:TOLERANCEPPM=2.5 AND RTMIN=0.55 AND RTMAX=0.85,NULL,NULL
20,236,0.774106945333,1,35285.1328125,0.0011455404122962497,ms_data_02.mzML,Malonyl-L-carnitine,QUERY scaninfo(MS1DATA) FILTER MS1MZ= 248.11286:TOLERANCEPPM=2.5 AND RTMIN=0.55 AND RTMAX=0.85,NULL,NULL
21,239,0.784041150933,1,22926.6796875,0.0008880361490996613,ms_data_02.mzML,Malonyl-L-carnitine,QUERY scaninfo(MS1DATA) FILTER MS1MZ= 248.11286:TOLERANCEPPM=2.5 AND RTMIN=0.55 AND RTMAX=0.85,NULL,NULL
22,242,0.793566997333,1,23324.94140625,0.000989410016029543,ms_data_02.mzML,Malonyl-L-carnitine,QUERY scaninfo(MS1DATA) FILTER MS1MZ= 248.11286:TOLERANCEPPM=2.5 AND RTMIN=0.55 AND RTMAX=0.85,NULL,NULL
23,245,0.8033309336,1,21016.384765625,0.0009466939771178218,ms_data_02.mzML,Malonyl-L-carnitine,QUERY scaninfo(MS1DATA) FILTER MS1MZ= 248.11286:TOLERANCEPPM=2.5 AND RTMIN=0.55 AND RTMAX=0.85,NULL,NULL
24,248,0.812981076267,1,16264.818359375,0.000718885537707857,ms_data_02.mzML,Malonyl-L-carnitine,QUERY scaninfo(MS1DATA) FILTER MS1MZ= 248.11286:TOLERANCEPPM=2.5 AND RTMIN=0.55 AND RTMAX=0.85,NULL,NULL
25,257,0.843001542933,1,16789.9140625,0.000699713514504356,ms_data_02.mzML,Malonyl-L-carnitine,QUERY scaninfo(MS1DATA) FILTER MS1MZ= 248.11286:TOLERANCEPPM=2.5 AND RTMIN=0.55 AND RTMAX=0.85,NULL,NULL
26,266,0.872517658667,1,22608.33203125,0.0011989163261841326,ms_data_02.mzML,Malonyl-L-carnitine,QUERY scaninfo(MS1DATA) FILTER MS1MZ= 248.11286:TOLERANCEPPM=2.5 AND RTMIN=0.55 AND RTMAX=0.85,NULL,NULL
27,269,0.882830252267,1,15606.466796875,0.0004144539340204345,ms_data_02.mzML,Malonyl-L-carnitine,QUERY scaninfo(MS1DATA) FILTER MS1MZ= 248.11286:TOLERANCEPPM=2.5 AND RTMIN=0.55 AND RTMAX=0.85,NULL,NULL
28,275,0.9027492528,1,23568.828125,0.0009386468080359489,ms_data_02.mzML,Malonyl-L-carnitine,QUERY scaninfo(MS1DATA) FILTER MS1MZ= 248.11286:TOLERANCEPPM=2.5 AND RTMIN=0.55 AND RTMAX=0.85,NULL,NULL
29,278,0.9122728824,1,26902.04296875,0.0007022444997483075,ms_data_02.mzML,Malonyl-L-carnitine,QUERY scaninfo(MS1DATA) FILTER MS1MZ= 248.11286:TOLERANCEPPM=2.5 AND RTMIN=0.55 AND RTMAX=0.85,NULL,NULL
30,281,0.922082986667,1,234270.140625,0.0017938036576834475,ms_data_02.mzML,Malonyl-L-carnitine,QUERY scaninfo(MS1DATA) FILTER MS1MZ= 248.11286:TOLERANCEPPM=2.5 AND RTMIN=0.55 AND RTMAX=0.85,NULL,NULL
31,284,0.9321977016,1,511871.5,0.0028460893944456723,ms_data_02.mzML,Malonyl-L-carnitine,QUERY scaninfo(MS1DATA) FILTER MS1MZ= 248.11286:TOLERANCEPPM=2.5 AND RTMIN=0.55 AND RTMAX=0.85,NULL,NULL
32,287,0.9415791552,1,533858.5625,0.003234863701384326,ms_data_02.mzML,Malonyl-L-carnitine,QUERY scaninfo(MS1DATA) FILTER MS1MZ= 248.11286:TOLERANCEPPM=2.5 AND RTMIN=0.55 AND RTMAX=0.85,NULL,NULL
33,290,0.951629849067,1,382042.375,0.0020628830435307733,ms_data_02.mzML,Malonyl-L-carnitine,QUERY scaninfo(MS1DATA) FILTER MS1MZ= 248.11286:TOLERANCEPPM=2.5 AND RTMIN=0.55 AND RTMAX=0.85,NULL,NULL
34,293,0.961316197333,1,266860.0,0.002669627486226899,ms_data_02.mzML,Malonyl-L-carnitine,QUERY scaninfo(MS1DATA) FILTER MS1MZ= 248.11286:TOLERANCEPPM=2.5 AND RTMIN=0.55 AND RTMAX=0.85,NULL,NULL
35,296,0.971218679467,1,217266.03125,0.005018320802970017,ms_data_02.mzML,Malonyl-L-carnitine,QUERY scaninfo(MS1DATA) FILTER MS1MZ= 248.11286:TOLERANCEPPM=2.5 AND RTMIN=0.55 AND RTMAX=0.85,NULL,NULL
36,299,0.9811802856,1,131234.78125,0.006590707859827084,ms_data_02.mzML,Malonyl-L-carnitine,QUERY scaninfo(MS1DATA) FILTER MS1MZ= 248.11286:TOLERANCEPPM=2.5 AND RTMIN=0.55 AND RTMAX=0.85,NULL,NULL
37,302,0.991045688267,1,47760.94921875,0.0016628001952271759,ms_data_02.mzML,Malonyl-L-carnitine,QUERY scaninfo(MS1DATA) FILTER MS1MZ= 248.11286:TOLERANCEPPM=2.5 AND RTMIN=0.55 AND RTMAX=0.85,NULL,NULL
0,26,0.0914707008,1,4559.11767578125,0.00025947395110298627,ms_data_03.mzML,L-Carnitine,QUERY scaninfo(MS1DATA) FILTER MS1MZ= 162.11246:TOLERANCEPPM=2.5 AND RTMIN=0.35 AND RTMAX=0.65,NULL,NULL
1,47,0.160749648533,1,5645.4931640625,0.0003207600960470411,ms_data_03.mzML,L-Carnitine,QUERY scaninfo(MS1DATA) FILTER MS1MZ= 162.11246:TOLERANCEPPM=2.5 AND RTMIN=0.35 AND RTMAX=0.65,NULL,NULL
2,83,0.2802574448,1,6325.89794921875,0.0003582040555524648,ms_data_03.mzML,L-Carnitine,QUERY scaninfo(MS1DATA) FILTER MS1MZ= 162.11246:TOLERANCEPPM=2.5 AND RTMIN=0.35 AND RTMAX=0.65,NULL,NULL
3,131,0.437800967467,1,42670.91796875,0.00039246711467429,ms_data_03.mzML,L-Carnitine,QUERY scaninfo(MS1DATA) FILTER MS1MZ= 162.11246:TOLERANCEPPM=2.5 AND RTMIN=0.35 AND RTMAX=0.65,NULL,NULL
4,134,0.447549975733,1,78161.5703125,0.0004994181557528953,ms_data_03.mzML,L-Carnitine,QUERY scaninfo(MS1DATA) FILTER MS1MZ= 162.11246:TOLERANCEPPM=2.5 AND RTMIN=0.35 AND RTMAX=0.65,NULL,NULL
5,137,0.457158979467,1,324734.15625,0.006375374369057459,ms_data_03.mzML,L-Carnitine,QUERY scaninfo(MS1DATA) FILTER MS1MZ= 162.11246:TOLERANCEPPM=2.5 AND RTMIN=0.35 AND RTMAX=0.65,NULL,NULL
6,140,0.467065927467,1,5070515.0,0.06662095470561048,ms_data_03.mzML,L-Carnitine,QUERY scaninfo(MS1DATA) FILTER MS1MZ= 162.11246:TOLERANCEPPM=2.5 AND RTMIN=0.35 AND RTMAX=0.65,NULL,NULL
7,143,0.4768885416,1,43348056.0,0.1150293843068916,ms_data_03.mzML,L-Carnitine,QUERY scaninfo(MS1DATA) FILTER MS1MZ= 162.11246:TOLERANCEPPM=2.5 AND RTMIN=0.35 AND RTMAX=0.65,NULL,NULL
8,146,0.4860794512,1,52620136.0,0.0617211889894075,ms_data_03.mzML,L-Carnitine,QUERY scaninfo(MS1DATA) FILTER MS1MZ= 162.11246:TOLERANCEPPM=2.5 AND RTMIN=0.35 AND RTMAX=0.65,NULL,NULL
9,149,0.4952311448,1,39768880.0,0.03229534959335396,ms_data_03.mzML,L-Carnitine,QUERY scaninfo(MS1DATA) FILTER MS1MZ= 162.11246:TOLERANCEPPM=2.5 AND RTMIN=0.35 AND RTMAX=0.65,NULL,NULL
10,152,0.504273978933,1,17084092.0,0.032143859395403075,ms_data_03.mzML,L-Carnitine,QUERY scaninfo(MS1DATA) FILTER MS1MZ= 162.11246:TOLERANCEPPM=2.5 AND RTMIN=0.35 AND RTMAX=0.65,NULL,NULL
11,155,0.513757924,1,5571036.0,0.047337972962859055,ms_data_03.mzML,L-Carnitine,QUERY scaninfo(MS1DATA) FILTER MS1MZ= 162.11246:TOLERANCEPPM=2.5 AND RTMIN=0.35 AND RTMAX=0.65,NULL,NULL
12,158,0.523412586133,1,3380056.0,0.03797321822500929,ms_data_03.mzML,L-Carnitine,QUERY scaninfo(MS1DATA) FILTER MS1MZ= 162.11246:TOLERANCEPPM=2.5 AND RTMIN=0.35 AND RTMAX=0.65,NULL,NULL
13,161,0.532848266133,1,2409501.25,0.01532470401044402,ms_data_03.mzML,L-Carnitine,QUERY scaninfo(MS1DATA) FILTER MS1MZ= 162.11246:TOLERANCEPPM=2.5 AND RTMIN=0.35 AND RTMAX=0.65,NULL,NULL
14,164,0.542448469867,1,2003392.125,0.021807947156765466,ms_data_03.mzML,L-Carnitine,QUERY scaninfo(MS1DATA) FILTER MS1MZ= 162.11246:TOLERANCEPPM=2.5 AND RTMIN=0.35 AND RTMAX=0.65,NULL,NULL
15,167,0.551942090667,1,1705522.5,0.015957936836933313,ms_data_03.mzML,L-Carnitine,QUERY scaninfo(MS1DATA) FILTER MS1MZ= 162.11246:TOLERANCEPPM=2.5 AND RTMIN=0.35 AND RTMAX=0.65,NULL,NULL
16,170,0.561668994933,1,1436029.875,0.0034540032618774253,ms_data_03.mzML,L-Carnitine,QUERY scaninfo(MS1DATA) FILTER MS1MZ= 162.11246:TOLERANCEPPM=2.5 AND RTMIN=0.35 AND RTMAX=0.65,NULL,NULL
17,173,0.571114166933,1,1243713.75,0.002772952717997826,ms_data_03.mzML,L-Carnitine,QUERY scaninfo(MS1DATA) FILTER MS1MZ= 162.11246:TOLERANCEPPM=2.5 AND RTMIN=0.35 AND RTMAX=0.65,NULL,NULL
18,176,0.580409201067,1,953271.75,0.0033761334412141402,ms_data_03.mzML,L-Carnitine,QUERY scaninfo(MS1DATA) FILTER MS1MZ= 162.11246:TOLERANCEPPM=2.5 AND RTMIN=0.35 AND RTMAX=0.65,NULL,NULL
19,179,0.590381429867,1,653713.875,0.0018363234582334132,ms_data_03.mzML,L-Carnitine,QUERY scaninfo(MS1DATA) FILTER MS1MZ= 162.11246:TOLERANCEPPM=2.5 AND RTMIN=0.35 AND RTMAX=0.65,NULL,NULL
20,182,0.599584323733,1,399183.0625,0.0015785483828999575,ms_data_03.mzML,L-Carnitine,QUERY scaninfo(MS1DATA) FILTER MS1MZ= 162.11246:TOLERANCEPPM=2.5 AND RTMIN=0.35 AND RTMAX=0.65,NULL,NULL
21,185,0.608881588267,1,337787.84375,0.0025482561405979483,ms_data_03.mzML,L-Carnitine,QUERY scaninfo(MS1DATA) FILTER MS1MZ= 162.11246:TOLERANCEPPM=2.5 AND RTMIN=0.35 AND RTMAX=0.65,NULL,NULL
22,188,0.618765233333,1,319968.28125,0.004038255272136729,ms_data_03.mzML,L-Carnitine,QUERY scaninfo(MS1DATA) FILTER MS1MZ= 162.11246:TOLERANCEPPM=2.5 AND RTMIN=0.35 AND RTMAX=0.65,NULL,NULL
23,191,0.628424310933,1,340290.59375,0.00841752643616667,ms_data_03.mzML,L-Carnitine,QUERY scaninfo(MS1DATA) FILTER MS1MZ= 162.11246:TOLERANCEPPM=2.5 AND RTMIN=0.35 AND RTMAX=0.65,NULL,NULL
24,194,0.638321272,1,362912.5,0.01459716157934159,ms_data_03.mzML,L-Carnitine,QUERY scaninfo(MS1DATA) FILTER MS1MZ= 162.11246:TOLERANCEPPM=2.5 AND RTMIN=0.35 AND RTMAX=0.65,NULL,NULL
25,197,0.6482416776,1,367776.09375,0.016246329705398407,ms_data_03.mzML,L-Carnitine,QUERY scaninfo(MS1DATA) FILTER MS1MZ= 162.11246:TOLERANCEPPM=2.5 AND RTMIN=0.35 AND RTMAX=0.65,NULL,NULL
26,200,0.658234184533,1,322595.6875,0.015451812906028635,ms_data_03.mzML,L-Carnitine,QUERY scaninfo(MS1DATA) FILTER MS1MZ= 162.11246:TOLERANCEPPM=2.5 AND RTMIN=0.35 AND RTMAX=0.65,NULL,NULL
27,203,0.668150531467,1,375946.5,0.019996792611197457,ms_data_03.mzML,L-Carnitine,QUERY scaninfo(MS1DATA) FILTER MS1MZ= 162.11246:TOLERANCEPPM=2.5 AND RTMIN=0.35 AND RTMAX=0.65,NULL,NULL
28,206,0.677697899467,1,693840.9375,0.04139775450420134,ms_data_03.mzML,L-Carnitine,QUERY scaninfo(MS1DATA) FILTER MS1MZ= 162.11246:TOLERANCEPPM=2.5 AND RTMIN=0.35 AND RTMAX=0.65,NULL,NULL
29,209,0.687302632267,1,607642.5625,0.03190320263982085,ms_data_03.mzML,L-Carnitine,QUERY scaninfo(MS1DATA) FILTER MS1MZ= 162.11246:TOLERANCEPPM=2.5 AND RTMIN=0.35 AND RTMAX=0.65,NULL,NULL
30,212,0.6978222792,1,398476.6875,0.0068208025577606,ms_data_03.mzML,L-Carnitine,QUERY scaninfo(MS1DATA) FILTER MS1MZ= 162.11246:TOLERANCEPPM=2.5 AND RTMIN=0.35 AND RTMAX=0.65,NULL,NULL
31,215,0.707677473333,1,203311.90625,0.004099655565417274,ms_data_03.mzML,L-Carnitine,QUERY scaninfo(MS1DATA) FILTER MS1MZ= 162.11246:TOLERANCEPPM=2.5 AND RTMIN=0.35 AND RTMAX=0.65,NULL,NULL
32,218,0.717103605333,1,181228.828125,0.005434626864407237,ms_data_03.mzML,L-Carnitine,QUERY scaninfo(MS1DATA) FILTER MS1MZ= 162.11246:TOLERANCEPPM=2.5 AND RTMIN=0.35 AND RTMAX=0.65,NULL,NULL
33,221,0.726701816,1,189139.140625,0.005336903680696969,ms_data_03.mzML,L-Carnitine,QUERY scaninfo(MS1DATA) FILTER MS1MZ= 162.11246:TOLERANCEPPM=2.5 AND RTMIN=0.35 AND RTMAX=0.65,NULL,NULL
34,224,0.7363939504,1,139867.109375,0.003315760554397519,ms_data_03.mzML,L-Carnitine,QUERY scaninfo(MS1DATA) FILTER MS1MZ= 162.11246:TOLERANCEPPM=2.5 AND RTMIN=0.35 AND RTMAX=0.65,NULL,NULL
35,227,0.7459540248,1,246524.25,0.0029379970089484612,ms_data_03.mzML,L-Carnitine,QUERY scaninfo(MS1DATA) FILTER MS1MZ= 162.11246:TOLERANCEPPM=2.5 AND RTMIN=0.35 AND RTMAX=0.65,NULL,NULL
36,230,0.755238302667,1,218860.453125,0.004303789173623062,ms_data_03.mzML,L-Carnitine,QUERY scaninfo(MS1DATA) FILTER MS1MZ= 162.11246:TOLERANCEPPM=2.5 AND RTMIN=0.35 AND RTMAX=0.65,NULL,NULL
37,233,0.765024810933,1,186034.640625,0.004210086771043798,ms_data_03.mzML,L-Carnitine,QUERY scaninfo(MS1DATA) FILTER MS1MZ= 162.11246:TOLERANCEPPM=2.5 AND RTMIN=0.35 AND RTMAX=0.65,NULL,NULL
38,236,0.7746250896,1,206298.265625,0.008885703038815387,ms_data_03.mzML,L-Carnitine,QUERY scaninfo(MS1DATA) FILTER MS1MZ= 162.11246:TOLERANCEPPM=2.5 AND RTMIN=0.35 AND RTMAX=0.65,NULL,NULL
39,239,0.784457310133,1,204562.90625,0.007462170268941463,ms_data_03.mzML,L-Carnitine,QUERY scaninfo(MS1DATA) FILTER MS1MZ= 162.11246:TOLERANCEPPM=2.5 AND RTMIN=0.35 AND RTMAX=0.65,NULL,NULL
40,242,0.7944372376,1,204696.5625,0.010555816791054128,ms_data_03.mzML,L-Carnitine,QUERY scaninfo(MS1DATA) FILTER MS1MZ= 162.11246:TOLERANCEPPM=2.5 AND RTMIN=0.35 AND RTMAX=0.65,NULL,NULL
41,245,0.804426321867,1,163489.53125,0.0075865943972916305,ms_data_03.mzML,L-Carnitine,QUERY scaninfo(MS1DATA) FILTER MS1MZ= 162.11246:TOLERANCEPPM=2.5 AND RTMIN=0.35 AND RTMAX=0.65,NULL,NULL
42,248,0.814532032533,1,148235.875,0.006209386429030108,ms_data_03.mzML,L-Carnitine,QUERY scaninfo(MS1DATA) FILTER MS1MZ= 162.11246:TOLERANCEPPM=2.5 AND RTMIN=0.35 AND RTMAX=0.65,NULL,NULL
43,251,0.824125482133,1,156582.015625,0.006696770050768716,ms_data_03.mzML,L-Carnitine,QUERY scaninfo(MS1DATA) FILTER MS1MZ= 162.11246:TOLERANCEPPM=2.5 AND RTMIN=0.35 AND RTMAX=0.65,NULL,NULL
44,254,0.8338343768,1,131180.9375,0.0057281485662744845,ms_data_03.mzML,L-Carnitine,QUERY scaninfo(MS1DATA) FILTER MS1MZ= 162.11246:TOLERANCEPPM=2.5 AND RTMIN=0.35 AND RTMAX=0.65,NULL,NULL
45,257,0.843454847733,1,109837.2265625,0.004819862167176911,ms_data_03.mzML,L-Carnitine,QUERY scaninfo(MS1DATA) FILTER MS1MZ= 162.11246:TOLERANCEPPM=2.5 AND RTMIN=0.35 AND RTMAX=0.65,NULL,NULL
46,260,0.8534783432,1,114677.6328125,0.0051045521282878595,ms_data_03.mzML,L-Carnitine,QUERY scaninfo(MS1DATA) FILTER MS1MZ= 162.11246:TOLERANCEPPM=2.5 AND RTMIN=0.35 AND RTMAX=0.65,NULL,NULL
47,263,0.863825808267,1,105352.25,0.005267673605013818,ms_data_03.mzML,L-Carnitine,QUERY scaninfo(MS1DATA) FILTER MS1MZ= 162.11246:TOLERANCEPPM=2.5 AND RTMIN=0.35 AND RTMAX=0.65,NULL,NULL
48,266,0.873776808267,1,77296.171875,0.002902071591344355,ms_data_03.mzML,L-Carnitine,QUERY scaninfo(MS1DATA) FILTER MS1MZ= 162.11246:TOLERANCEPPM=2.5 AND RTMIN=0.35 AND RTMAX=0.65,NULL,NULL
49,269,0.883318355733,1,64308.1875,0.0017702967030425957,ms_data_03.mzML,L-Carnitine,QUERY scaninfo(MS1DATA) FILTER MS1MZ= 162.11246:TOLERANCEPPM=2.5 AND RTMIN=0.35 AND RTMAX=0.65,NULL,NULL
50,272,0.893038008533,1,68347.5234375,0.002029512871868632,ms_data_03.mzML,L-Carnitine,QUERY scaninfo(MS1DATA) FILTER MS1MZ= 162.11246:TOLERANCEPPM=2.5 AND RTMIN=0.35 AND RTMAX=0.65,NULL,NULL
51,275,0.902978134133,1,69214.5859375,0.0030416498658616255,ms_data_03.mzML,L-Carnitine,QUERY scaninfo(MS1DATA) FILTER MS1MZ= 162.11246:TOLERANCEPPM=2.5 AND RTMIN=0.35 AND RTMAX=0.65,NULL,NULL
52,278,0.913211108267,1,86127.9765625,0.0014964409576408127,ms_data_03.mzML,L-Carnitine,QUERY scaninfo(MS1DATA) FILTER MS1MZ= 162.11246:TOLERANCEPPM=2.5 AND RTMIN=0.35 AND RTMAX=0.65,NULL,NULL
53,281,0.923445861867,1,36090.8984375,0.00024652654478676757,ms_data_03.mzML,L-Carnitine,QUERY scaninfo(MS1DATA) FILTER MS1MZ= 162.11246:TOLERANCEPPM=2.5 AND RTMIN=0.35 AND RTMAX=0.65,NULL,NULL
54,284,0.9332240312,1,56769.703125,0.00029159342357494154,ms_data_03.mzML,L-Carnitine,QUERY scaninfo(MS1DATA) FILTER MS1MZ= 162.11246:TOLERANCEPPM=2.5 AND RTMIN=0.35 AND RTMAX=0.65,NULL,NULL
55,287,0.942553018133,1,46679.7578125,0.0003095995965879082,ms_data_03.mzML,L-Carnitine,QUERY scaninfo(MS1DATA) FILTER MS1MZ= 162.11246:TOLERANCEPPM=2.5 AND RTMIN=0.35 AND RTMAX=0.65,NULL,NULL
56,290,0.952253505067,1,24282.0703125,0.00019275775223757746,ms_data_03.mzML,L-Carnitine,QUERY scaninfo(MS1DATA) FILTER MS1MZ= 162.11246:TOLERANCEPPM=2.5 AND RTMIN=0.35 AND RTMAX=0.65,NULL,NULL
57,293,0.962138444267,1,44747.61328125,0.000496514617473724,ms_data_03.mzML,L-Carnitine,QUERY scaninfo(MS1DATA) FILTER MS1MZ= 162.11246:TOLERANCEPPM=2.5 AND RTMIN=0.35 AND RTMAX=0.65,NULL,NULL
58,296,0.9716330424,1,68743.6171875,0.0019811774753270787,ms_data_03.mzML,L-Carnitine,QUERY scaninfo(MS1DATA) FILTER MS1MZ= 162.11246:TOLERANCEPPM=2.5 AND RTMIN=0.35 AND RTMAX=0.65,NULL,NULL
59,299,0.9815770224,1,47309.265625,0.0026045939135019157,ms_data_03.mzML,L-Carnitine,QUERY scaninfo(MS1DATA) FILTER MS1MZ= 162.11246:TOLERANCEPPM=2.5 AND RTMIN=0.35 AND RTMAX=0.65,NULL,NULL
60,302,0.9915204824,1,26748.791015625,0.0008798903312894064,ms_data_03.mzML,L-Carnitine,QUERY scaninfo(MS1DATA) FILTER MS1MZ= 162.11246:TOLERANCEPPM=2.5 AND RTMIN=0.35 AND RTMAX=0.65,NULL,NULL
0,137,0.457158979467,1,106090.5546875,0.00208283295777814,ms_data_03.mzML,Malonyl-L-carnitine,QUERY scaninfo(MS1DATA) FILTER MS1MZ= 248.11286:TOLERANCEPPM=2.5 AND RTMIN=0.55 AND RTMAX=0.85,NULL,NULL
1,140,0.467065927467,1,128154.5546875,0.0016838089983273138,ms_data_03.mzML,Malonyl-L-carnitine,QUERY scaninfo(MS1DATA) FILTER MS1MZ= 248.11286:TOLERANCEPPM=2.5 AND RTMIN=0.55 AND RTMAX=0.85,NULL,NULL
2,143,0.4768885416,1,36437.453125,9.669125182176503e-05,ms_data_03.mzML,Malonyl-L-carnitine,QUERY scaninfo(MS1DATA) FILTER MS1MZ= 248.11286:TOLERANCEPPM=2.5 AND RTMIN=0.55 AND RTMAX=0.85,NULL,NULL
3,155,0.513757924,1,40221.75,0.000341770563683106,ms_data_03.mzML,Malonyl-L-carnitine,QUERY scaninfo(MS1DATA) FILTER MS1MZ= 248.11286:TOLERANCEPPM=2.5 AND RTMIN=0.55 AND RTMAX=0.85,NULL,NULL
4,182,0.599584323733,1,36044.640625,0.00014253663172596122,ms_data_03.mzML,Malonyl-L-carnitine,QUERY scaninfo(MS1DATA) FILTER MS1MZ= 248.11286:TOLERANCEPPM=2.5 AND RTMIN=0.55 AND RTMAX=0.85,NULL,NULL
5,194,0.638321272,1,15288.1455078125,0.0006149237907926134,ms_data_03.mzML,Malonyl-L-carnitine,QUERY scaninfo(MS1DATA) FILTER MS1MZ= 248.11286:TOLERANCEPPM=2.5 AND RTMIN=0.55 AND RTMAX=0.85,NULL,NULL
6,197,0.6482416776,1,192128.078125,0.008487164217381363,ms_data_03.mzML,Malonyl-L-carnitine,QUERY scaninfo(MS1DATA) FILTER MS1MZ= 248.11286:TOLERANCEPPM=2.5 AND RTMIN=0.55 AND RTMAX=0.85,NULL,NULL
7,200,0.658234184533,1,1781741.75,0.0853425548903534,ms_data_03.mzML,Malonyl-L-carnitine,QUERY scaninfo(MS1DATA) FILTER MS1MZ= 248.11286:TOLERANCEPPM=2.5 AND RTMIN=0.55 AND RTMAX=0.85,NULL,NULL
8,203,0.668150531467,1,3518959.0,0.18717528512782217,ms_data_03.mzML,Malonyl-L-carnitine,QUERY scaninfo(MS1DATA) FILTER MS1MZ= 248.11286:TOLERANCEPPM=2.5 AND RTMIN=0.55 AND RTMAX=0.85,NULL,NULL
9,206,0.677697899467,1,3253223.75,0.19410235238496185,ms_data_03.mzML,Malonyl-L-carnitine,QUERY scaninfo(MS1DATA) FILTER MS1MZ= 248.11286:TOLERANCEPPM=2.5 AND RTMIN=0.55 AND RTMAX=0.85,NULL,NULL
10,209,0.687302632267,1,2057197.375,0.10800952529511545,ms_data_03.mzML,Malonyl-L-carnitine,QUERY scaninfo(MS1DATA) FILTER MS1MZ= 248.11286:TOLERANCEPPM=2.5 AND RTMIN=0.55 AND RTMAX=0.85,NULL,NULL
11,212,0.6978222792,1,874368.8125,0.0149667401376551,ms_data_03.mzML,Malonyl-L-carnitine,QUERY scaninfo(MS1DATA) FILTER MS1MZ= 248.11286:TOLERANCEPPM=2.5 AND RTMIN=0.55 AND RTMAX=0.85,NULL,NULL
12,215,0.707677473333,1,308087.1875,0.00621238262020442,ms_data_03.mzML,Malonyl-L-carnitine,QUERY scaninfo(MS1DATA) FILTER MS1MZ= 248.11286:TOLERANCEPPM=2.5 AND RTMIN=0.55 AND RTMAX=0.85,NULL,NULL
13,218,0.717103605333,1,120866.4921875,0.0036245021956208432,ms_data_03.mzML,Malonyl-L-carnitine,QUERY scaninfo(MS1DATA) FILTER MS1MZ= 248.11286:TOLERANCEPPM=2.5 AND RTMIN=0.55 AND RTMAX=0.85,NULL,NULL
14,221,0.726701816,1,57841.75,0.001632109818480116,ms_data_03.mzML,Malonyl-L-carnitine,QUERY scaninfo(MS1DATA) FILTER MS1MZ= 248.11286:TOLERANCEPPM=2.5 AND RTMIN=0.55 AND RTMAX=0.85,NULL,NULL
15,224,0.7363939504,1,43799.05859375,0.0010383226725271838,ms_data_03.mzML,Malonyl-L-carnitine,QUERY scaninfo(MS1DATA) FILTER MS1MZ= 248.11286:TOLERANCEPPM=2.5 AND RTMIN=0.55 AND RTMAX=0.85,NULL,NULL
16,227,0.7459540248,1,90538.3671875,0.0010790072457048444,ms_data_03.mzML,Malonyl-L-carnitine,QUERY scaninfo(MS1DATA) FILTER MS1MZ= 248.11286:TOLERANCEPPM=2.5 AND RTMIN=0.55 AND RTMAX=0.85,NULL,NULL
17,236,0.7746250896,1,35064.86328125,0.0015103178946749769,ms_data_03.mzML,Malonyl-L-carnitine,QUERY scaninfo(MS1DATA) FILTER MS1MZ= 248.11286:TOLERANCEPPM=2.5 AND RTMIN=0.55 AND RTMAX=0.85,NULL,NULL
18,245,0.804426321867,1,16289.375,0.0007558947668729239,ms_data_03.mzML,Malonyl-L-carnitine,QUERY scaninfo(MS1DATA) FILTER MS1MZ= 248.11286:TOLERANCEPPM=2.5 AND RTMIN=0.55 AND RTMAX=0.85,NULL,NULL
19,248,0.814532032533,1,20631.98828125,0.0008642441516771968,ms_data_03.mzML,Malonyl-L-carnitine,QUERY scaninfo(MS1DATA) FILTER MS1MZ= 248.11286:TOLERANCEPPM=2.5 AND RTMIN=0.55 AND RTMAX=0.85,NULL,NULL
20,251,0.824125482133,1,20450.267578125,0.000874626239167714,ms_data_03.mzML,Malonyl-L-carnitine,QUERY scaninfo(MS1DATA) FILTER MS1MZ= 248.11286:TOLERANCEPPM=2.5 AND RTMIN=0.55 AND RTMAX=0.85,NULL,NULL
21,254,0.8338343768,1,18052.703125,0.0007882895754030395,ms_data_03.mzML,Malonyl-L-carnitine,QUERY scaninfo(MS1DATA) FILTER MS1MZ= 248.11286:TOLERANCEPPM=2.5 AND RTMIN=0.55 AND RTMAX=0.85,NULL,NULL
22,257,0.843454847733,1,18931.27734375,0.0008307397255114848,ms_data_03.mzML,Malonyl-L-carnitine,QUERY scaninfo(MS1DATA) FILTER MS1MZ= 248.11286:TOLERANCEPPM=2.5 AND RTMIN=0.55 AND RTMAX=0.85,NULL,NULL
23,272,0.893038008533,1,19948.31640625,0.0005923457483520114,ms_data_03.mzML,Malonyl-L-carnitine,QUERY scaninfo(MS1DATA) FILTER MS1MZ= 248.11286:TOLERANCEPPM=2.5 AND RTMIN=0.55 AND RTMAX=0.85,NULL,NULL
24,275,0.902978134133,1,38251.47265625,0.0016809691930968571,ms_data_03.mzML,Malonyl-L-carnitine,QUERY scaninfo(MS1DATA) FILTER MS1MZ= 248.11286:TOLERANCEPPM=2.5 AND RTMIN=0.55 AND RTMAX=0.85,NULL,NULL
25,278,0.913211108267,1,85255.765625,0.0014812866230950552,ms_data_03.mzML,Malonyl-L-carnitine,QUERY scaninfo(MS1DATA) FILTER MS1MZ= 248.11286:TOLERANCEPPM=2.5 AND RTMIN=0.55 AND RTMAX=0.85,NULL,NULL
26,281,0.923445861867,1,296806.09375,0.0020273970427906424,ms_data_03.mzML,Malonyl-L-carnitine,QUERY scaninfo(MS1DATA) FILTER MS1MZ= 248.11286:TOLERANCEPPM=2.5 AND RTMIN=0.55 AND RTMAX=0.85,NULL,NULL
27,284,0.9332240312,1,457208.65625,0.0023484187872267665,ms_data_03.mzML,Malonyl-L-carnitine,QUERY scaninfo(MS1DATA) FILTER MS1MZ= 248.11286:TOLERANCEPPM=2.5 AND RTMIN=0.55 AND RTMAX=0.85,NULL,NULL
28,287,0.942553018133,1,464007.4375,0.0030774905911212847,ms_data_03.mzML,Malonyl-L-carnitine,QUERY scaninfo(MS1DATA) FILTER MS1MZ= 248.11286:TOLERANCEPPM=2.5 AND RTMIN=0.55 AND RTMAX=0.85,NULL,NULL
29,290,0.952253505067,1,322580.53125,0.002560732973717832,ms_data_03.mzML,Malonyl-L-carnitine,QUERY scaninfo(MS1DATA) FILTER MS1MZ= 248.11286:TOLERANCEPPM=2.5 AND RTMIN=0.55 AND RTMAX=0.85,NULL,NULL
30,293,0.962138444267,1,296201.09375,0.0032866149046703224,ms_data_03.mzML,Malonyl-L-carnitine,QUERY scaninfo(MS1DATA) FILTER MS1MZ= 248.11286:TOLERANCEPPM=2.5 AND RTMIN=0.55 AND RTMAX=0.85,NULL,NULL
31,296,0.9716330424,1,207885.359375,0.005991215014488868,ms_data_03.mzML,Malonyl-L-carnitine,QUERY scaninfo(MS1DATA) FILTER MS1MZ= 248.11286:TOLERANCEPPM=2.5 AND RTMIN=0.55 AND RTMAX=0.85,NULL,NULL
32,299,0.9815770224,1,84533.3515625,0.0046539520336848425,ms_data_03.mzML,Malonyl-L-carnitine,QUERY scaninfo(MS1DATA) FILTER MS1MZ= 248.11286:TOLERANCEPPM=2.5 AND RTMIN=0.55 AND RTMAX=0.85,NULL,NULL
33,302,0.9915204824,1,39899.9609375,0.0013124925843274022,ms_data_03.mzML,Malonyl-L-carnitine,QUERY scaninfo(MS1DATA) FILTER MS1MZ= 248.11286:TOLERANCEPPM=2.5 AND RTMIN=0.55 AND RTMAX=0.85,NULL,NULL
0,95,0.319599040533,1,5559.13623046875,0.000299976010626669,ms_data_04.mzML,L-Carnitine,QUERY scaninfo(MS1DATA) FILTER MS1MZ= 162.11246:TOLERANCEPPM=2.5 AND RTMIN=0.35 AND RTMAX=0.65,NULL,NULL
1,137,0.453177284533,1,167876.3125,0.0018459216693181024,ms_data_04.mzML,L-Carnitine,QUERY scaninfo(MS1DATA) FILTER MS1MZ= 162.11246:TOLERANCEPPM=2.5 AND RTMIN=0.35 AND RTMAX=0.65,NULL,NULL
2,140,0.4631556592,1,570405.75,0.008366993862114975,ms_data_04.mzML,L-Carnitine,QUERY scaninfo(MS1DATA) FILTER MS1MZ= 162.11246:TOLERANCEPPM=2.5 AND RTMIN=0.35 AND RTMAX=0.65,NULL,NULL
3,143,0.472920751733,1,22935230.0,0.17129376001948285,ms_data_04.mzML,L-Carnitine,QUERY scaninfo(MS1DATA) FILTER MS1MZ= 162.11246:TOLERANCEPPM=2.5 AND RTMIN=0.35 AND RTMAX=0.65,NULL,NULL
4,146,0.482310780267,1,48616484.0,0.08953321467980047,ms_data_04.mzML,L-Carnitine,QUERY scaninfo(MS1DATA) FILTER MS1MZ= 162.11246:TOLERANCEPPM=2.5 AND RTMIN=0.35 AND RTMAX=0.65,NULL,NULL
5,149,0.491474395467,1,45801364.0,0.044454446893201126,ms_data_04.mzML,L-Carnitine,QUERY scaninfo(MS1DATA) FILTER MS1MZ= 162.11246:TOLERANCEPPM=2.5 AND RTMIN=0.35 AND RTMAX=0.65,NULL,NULL
6,152,0.500872108533,1,26866960.0,0.031184730993264097,ms_data_04.mzML,L-Carnitine,QUERY scaninfo(MS1DATA) FILTER MS1MZ= 162.11246:TOLERANCEPPM=2.5 AND RTMIN=0.35 AND RTMAX=0.65,NULL,NULL
7,155,0.5098957776,1,8499467.0,0.034689665403480965,ms_data_04.mzML,L-Carnitine,QUERY scaninfo(MS1DATA) FILTER MS1MZ= 162.11246:TOLERANCEPPM=2.5 AND RTMIN=0.35 AND RTMAX=0.65,NULL,NULL
8,158,0.519148190667,1,4249161.5,0.05503977142666473,ms_data_04.mzML,L-Carnitine,QUERY scaninfo(MS1DATA) FILTER MS1MZ= 162.11246:TOLERANCEPPM=2.5 AND RTMIN=0.35 AND RTMAX=0.65,NULL,NULL
9,161,0.528636912267,1,2243634.25,0.017136327332034018,ms_data_04.mzML,L-Carnitine,QUERY scaninfo(MS1DATA) FILTER MS1MZ= 162.11246:TOLERANCEPPM=2.5 AND RTMIN=0.35 AND RTMAX=0.65,NULL,NULL
10,164,0.538538036,1,1963677.0,0.015112551927542881,ms_data_04.mzML,L-Carnitine,QUERY scaninfo(MS1DATA) FILTER MS1MZ= 162.11246:TOLERANCEPPM=2.5 AND RTMIN=0.35 AND RTMAX=0.65,NULL,NULL
11,167,0.548367048533,1,1919955.5,0.03134182592437839,ms_data_04.mzML,L-Carnitine,QUERY scaninfo(MS1DATA) FILTER MS1MZ= 162.11246:TOLERANCEPPM=2.5 AND RTMIN=0.35 AND RTMAX=0.65,NULL,NULL
12,170,0.5582987968,1,1813723.0,0.006494624036328469,ms_data_04.mzML,L-Carnitine,QUERY scaninfo(MS1DATA) FILTER MS1MZ= 162.11246:TOLERANCEPPM=2.5 AND RTMIN=0.35 AND RTMAX=0.65,NULL,NULL
13,173,0.567623139733,1,1167909.5,0.0025322652503615697,ms_data_04.mzML,L-Carnitine,QUERY scaninfo(MS1DATA) FILTER MS1MZ= 162.11246:TOLERANCEPPM=2.5 AND RTMIN=0.35 AND RTMAX=0.65,NULL,NULL
14,176,0.5768928384,1,925323.4375,0.0024026752341200094,ms_data_04.mzML,L-Carnitine,QUERY scaninfo(MS1DATA) FILTER MS1MZ= 162.11246:TOLERANCEPPM=2.5 AND RTMIN=0.35 AND RTMAX=0.65,NULL,NULL
15,179,0.586130775733,1,775906.25,0.0026783769121089085,ms_data_04.mzML,L-Carnitine,QUERY scaninfo(MS1DATA) FILTER MS1MZ= 162.11246:TOLERANCEPPM=2.5 AND RTMIN=0.35 AND RTMAX=0.65,NULL,NULL
16,182,0.595465847467,1,598148.4375,0.001972723664210455,ms_data_04.mzML,L-Carnitine,QUERY scaninfo(MS1DATA) FILTER MS1MZ= 162.11246:TOLERANCEPPM=2.5 AND RTMIN=0.35 AND RTMAX=0.65,NULL,NULL
17,185,0.605025718667,1,425332.5,0.0020398719850569045,ms_data_04.mzML,L-Carnitine,QUERY scaninfo(MS1DATA) FILTER MS1MZ= 162.11246:TOLERANCEPPM=2.5 AND RTMIN=0.35 AND RTMAX=0.65,NULL,NULL
18,188,0.6144709024,1,333535.46875,0.003113614286991872,ms_data_04.mzML,L-Carnitine,QUERY scaninfo(MS1DATA) FILTER MS1MZ= 162.11246:TOLERANCEPPM=2.5 AND RTMIN=0.35 AND RTMAX=0.65,NULL,NULL
19,191,0.6240866544,1,304838.875,0.005104009649366437,ms_data_04.mzML,L-Carnitine,QUERY scaninfo(MS1DATA) FILTER MS1MZ= 162.11246:TOLERANCEPPM=2.5 AND RTMIN=0.35 AND RTMAX=0.65,NULL,NULL
20,194,0.634103623467,1,362204.3125,0.011312244478116346,ms_data_04.mzML,L-Carnitine,QUERY scaninfo(MS1DATA) FILTER MS1MZ= 162.11246:TOLERANCEPPM=2.5 AND RTMIN=0.35 AND RTMAX=0.65,NULL,NULL
21,197,0.644181722667,1,305879.46875,0.01325278941416226,ms_data_04.mzML,L-Carnitine,QUERY scaninfo(MS1DATA) FILTER MS1MZ= 162.11246:TOLERANCEPPM=2.5 AND RTMIN=0.35 AND RTMAX=0.65,NULL,NULL
22,200,0.6538592088,1,279363.78125,0.01283078606836894,ms_data_04.mzML,L-Carnitine,QUERY scaninfo(MS1DATA) FILTER MS1MZ= 162.11246:TOLERANCEPPM=2.5 AND RTMIN=0.35 AND RTMAX=0.65,NULL,NULL
23,203,0.663498300533,1,375619.5625,0.01733816535667863,ms_data_04.mzML,L-Carnitine,QUERY scaninfo(MS1DATA) FILTER MS1MZ= 162.11246:TOLERANCEPPM=2.5 AND RTMIN=0.35 AND RTMAX=0.65,NULL,NULL
24,206,0.673057636,1,497936.21875,0.02771750192293926,ms_data_04.mzML,L-Carnitine,QUERY scaninfo(MS1DATA) FILTER MS1MZ= 162.11246:TOLERANCEPPM=2.5 AND RTMIN=0.35 AND RTMAX=0.65,NULL,NULL
25,209,0.682687354667,1,707377.875,0.04086739306290991,ms_data_04.mzML,L-Carnitine,QUERY scaninfo(MS1DATA) FILTER MS1MZ= 162.11246:TOLERANCEPPM=2.5 AND RTMIN=0.35 AND RTMAX=0.65,NULL,NULL
26,212,0.6927722456,1,550012.25,0.015359502941809893,ms_data_04.mzML,L-Carnitine,QUERY scaninfo(MS1DATA) FILTER MS1MZ= 162.11246:TOLERANCEPPM=2.5 AND RTMIN=0.35 AND RTMAX=0.65,NULL,NULL
27,215,0.703059412267,1,245809.09375,0.0041730790226637005,ms_data_04.mzML,L-Carnitine,QUERY scaninfo(MS1DATA) FILTER MS1MZ= 162.11246:TOLERANCEPPM=2.5 AND RTMIN=0.35 AND RTMAX=0.65,NULL,NULL
28,218,0.713271179467,1,180951.0,0.0040526623257544,ms_data_04.mzML,L-Carnitine,QUERY scaninfo(MS1DATA) FILTER MS1MZ= 162.11246:TOLERANCEPPM=2.5 AND RTMIN=0.35 AND RTMAX=0.65,NULL,NULL
29,221,0.722981956267,1,144525.109375,0.0037424030602463123,ms_data_04.mzML,L-Carnitine,QUERY scaninfo(MS1DATA) FILTER MS1MZ= 162.11246:TOLERANCEPPM=2.5 AND RTMIN=0.35 AND RTMAX=0.65,NULL,NULL
30,224,0.733361737333,1,150994.109375,0.0050717315034461575,ms_data_04.mzML,L-Carnitine,QUERY scaninfo(MS1DATA) FILTER MS1MZ= 162.11246:TOLERANCEPPM=2.5 AND RTMIN=0.35 AND RTMAX=0.65,NULL,NULL
31,227,0.742938868533,1,121203.140625,0.0020776876769331492,ms_data_04.mzML,L-Carnitine,QUERY scaninfo(MS1DATA) FILTER MS1MZ= 162.11246:TOLERANCEPPM=2.5 AND RTMIN=0.35 AND RTMAX=0.65,NULL,NULL
32,230,0.752475588,1,125346.4453125,0.002153727872975765,ms_data_04.mzML,L-Carnitine,QUERY scaninfo(MS1DATA) FILTER MS1MZ= 162.11246:TOLERANCEPPM=2.5 AND RTMIN=0.35 AND RTMAX=0.65,NULL,NULL
33,233,0.7620914208,1,137936.71875,0.0025288382927291806,ms_data_04.mzML,L-Carnitine,QUERY scaninfo(MS1DATA) FILTER MS1MZ= 162.11246:TOLERANCEPPM=2.5 AND RTMIN=0.35 AND RTMAX=0.65,NULL,NULL
34,236,0.7716843,1,163077.453125,0.004871834606130458,ms_data_04.mzML,L-Carnitine,QUERY scaninfo(MS1DATA) FILTER MS1MZ= 162.11246:TOLERANCEPPM=2.5 AND RTMIN=0.35 AND RTMAX=0.65,NULL,NULL
35,239,0.7812654128,1,197632.390625,0.008747514741971133,ms_data_04.mzML,L-Carnitine,QUERY scaninfo(MS1DATA) FILTER MS1MZ= 162.11246:TOLERANCEPPM=2.5 AND RTMIN=0.35 AND RTMAX=0.65,NULL,NULL
36,242,0.7913542176,1,170480.78125,0.006479449932264062,ms_data_04.mzML,L-Carnitine,QUERY scaninfo(MS1DATA) FILTER MS1MZ= 162.11246:TOLERANCEPPM=2.5 AND RTMIN=0.35 AND RTMAX=0.65,NULL,NULL
37,245,0.801255156,1,186820.59375,0.008691863923398692,ms_data_04.mzML,L-Carnitine,QUERY scaninfo(MS1DATA) FILTER MS1MZ= 162.11246:TOLERANCEPPM=2.5 AND RTMIN=0.35 AND RTMAX=0.65,NULL,NULL
38,248,0.811292555733,1,141982.640625,0.007022979060109608,ms_data_04.mzML,L-Carnitine,QUERY scaninfo(MS1DATA) FILTER MS1MZ= 162.11246:TOLERANCEPPM=2.5 AND RTMIN=0.35 AND RTMAX=0.65,NULL,NULL
39,251,0.821699988533,1,167504.953125,0.007343433556692787,ms_data_04.mzML,L-Carnitine,QUERY scaninfo(MS1DATA) FILTER MS1MZ= 162.11246:TOLERANCEPPM=2.5 AND RTMIN=0.35 AND RTMAX=0.65,NULL,NULL
40,254,0.8323940336,1,134313.609375,0.005599980177953757,ms_data_04.mzML,L-Carnitine,QUERY scaninfo(MS1DATA) FILTER MS1MZ= 162.11246:TOLERANCEPPM=2.5 AND RTMIN=0.35 AND RTMAX=0.65,NULL,NULL
41,257,0.8420431472,1,111064.1875,0.004988707220730967,ms_data_04.mzML,L-Carnitine,QUERY scaninfo(MS1DATA) FILTER MS1MZ= 162.11246:TOLERANCEPPM=2.5 AND RTMIN=0.35 AND RTMAX=0.65,NULL,NULL
42,260,0.851815366667,1,96075.765625,0.004346595541186306,ms_data_04.mzML,L-Carnitine,QUERY scaninfo(MS1DATA) FILTER MS1MZ= 162.11246:TOLERANCEPPM=2.5 AND RTMIN=0.35 AND RTMAX=0.65,NULL,NULL
43,263,0.861524210667,1,118094.3515625,0.006143216917142611,ms_data_04.mzML,L-Carnitine,QUERY scaninfo(MS1DATA) FILTER MS1MZ= 162.11246:TOLERANCEPPM=2.5 AND RTMIN=0.35 AND RTMAX=0.65,NULL,NULL
44,266,0.871869865067,1,86233.609375,0.004468311776086584,ms_data_04.mzML,L-Carnitine,QUERY scaninfo(MS1DATA) FILTER MS1MZ= 162.11246:TOLERANCEPPM=2.5 AND RTMIN=0.35 AND RTMAX=0.65,NULL,NULL
45,269,0.882152903467,1,61422.66015625,0.0015228464718957987,ms_data_04.mzML,L-Carnitine,QUERY scaninfo(MS1DATA) FILTER MS1MZ= 162.11246:TOLERANCEPPM=2.5 AND RTMIN=0.35 AND RTMAX=0.65,NULL,NULL
46,272,0.891858730667,1,45977.65234375,0.001317929048334119,ms_data_04.mzML,L-Carnitine,QUERY scaninfo(MS1DATA) FILTER MS1MZ= 162.11246:TOLERANCEPPM=2.5 AND RTMIN=0.35 AND RTMAX=0.65,NULL,NULL
47,275,0.901466406667,1,66558.5546875,0.002467935961585238,ms_data_04.mzML,L-Carnitine,QUERY scaninfo(MS1DATA) FILTER MS1MZ= 162.11246:TOLERANCEPPM=2.5 AND RTMIN=0.35 AND RTMAX=0.65,NULL,NULL
48,278,0.9109883496,1,77856.078125,0.0026639841895557525,ms_data_04.mzML,L-Carnitine,QUERY scaninfo(MS1DATA) FILTER MS1MZ= 162.11246:TOLERANCEPPM=2.5 AND RTMIN=0.35 AND RTMAX=0.65,NULL,NULL
49,281,0.9208639984,1,48930.125,0.00044862038901385476,ms_data_04.mzML,L-Carnitine,QUERY scaninfo(MS1DATA) FILTER MS1MZ= 162.11246:TOLERANCEPPM=2.5 AND RTMIN=0.35 AND RTMAX=0.65,NULL,NULL
50,284,0.930301644267,1,34398.16015625,0.0001867428429814008,ms_data_04.mzML,L-Carnitine,QUERY scaninfo(MS1DATA) FILTER MS1MZ= 162.11246:TOLERANCEPPM=2.5 AND RTMIN=0.35 AND RTMAX=0.65,NULL,NULL
51,287,0.939986968,1,65202.9140625,0.0003215774447301139,ms_data_04.mzML,L-Carnitine,QUERY scaninfo(MS1DATA) FILTER MS1MZ= 162.11246:TOLERANCEPPM=2.5 AND RTMIN=0.35 AND RTMAX=0.65,NULL,NULL
52,290,0.949296402133,1,43809.07421875,0.00027149676509044497,ms_data_04.mzML,L-Carnitine,QUERY scaninfo(MS1DATA) FILTER MS1MZ= 162.11246:TOLERANCEPPM=2.5 AND RTMIN=0.35 AND RTMAX=0.65,NULL,NULL
53,293,0.958648408533,1,66966.7578125,0.0005782634219780305,ms_data_04.mzML,L-Carnitine,QUERY scaninfo(MS1DATA) FILTER MS1MZ= 162.11246:TOLERANCEPPM=2.5 AND RTMIN=0.35 AND RTMAX=0.65,NULL,NULL
54,296,0.968130530933,1,35847.5703125,0.0005675550306437159,ms_data_04.mzML,L-Carnitine,QUERY scaninfo(MS1DATA) FILTER MS1MZ= 162.11246:TOLERANCEPPM=2.5 AND RTMIN=0.35 AND RTMAX=0.65,NULL,NULL
55,299,0.977927254667,1,62340.32421875,0.0023606460842958326,ms_data_04.mzML,L-Carnitine,QUERY scaninfo(MS1DATA) FILTER MS1MZ= 162.11246:TOLERANCEPPM=2.5 AND RTMIN=0.35 AND RTMAX=0.65,NULL,NULL
56,302,0.987881475467,1,29306.79296875,0.0012151623818176058,ms_data_04.mzML,L-Carnitine,QUERY scaninfo(MS1DATA) FILTER MS1MZ= 162.11246:TOLERANCEPPM=2.5 AND RTMIN=0.35 AND RTMAX=0.65,NULL,NULL
57,305,0.997832472533,1,57006.2265625,0.001909724856880081,ms_data_04.mzML,L-Carnitine,QUERY scaninfo(MS1DATA) FILTER MS1MZ= 162.11246:TOLERANCEPPM=2.5 AND RTMIN=0.35 AND RTMAX=0.65,NULL,NULL
0,137,0.453177284533,1,95003.1484375,0.0010446284394900888,ms_data_04.mzML,Malonyl-L-carnitine,QUERY scaninfo(MS1DATA) FILTER MS1MZ= 248.11286:TOLERANCEPPM=2.5 AND RTMIN=0.55 AND RTMAX=0.85,NULL,NULL
1,140,0.4631556592,1,211444.78125,0.003101576705520576,ms_data_04.mzML,Malonyl-L-carnitine,QUERY scaninfo(MS1DATA) FILTER MS1MZ= 248.11286:TOLERANCEPPM=2.5 AND RTMIN=0.55 AND RTMAX=0.85,NULL,NULL
2,143,0.472920751733,1,84668.8359375,0.0006323565651710094,ms_data_04.mzML,Malonyl-L-carnitine,QUERY scaninfo(MS1DATA) FILTER MS1MZ= 248.11286:TOLERANCEPPM=2.5 AND RTMIN=0.55 AND RTMAX=0.85,NULL,NULL
3,197,0.644181722667,1,40524.4296875,0.0017557952973182769,ms_data_04.mzML,Malonyl-L-carnitine,QUERY scaninfo(MS1DATA) FILTER MS1MZ= 248.11286:TOLERANCEPPM=2.5 AND RTMIN=0.55 AND RTMAX=0.85,NULL,NULL
4,200,0.6538592088,1,671316.9375,0.03083264398339075,ms_data_04.mzML,Malonyl-L-carnitine,QUERY scaninfo(MS1DATA) FILTER MS1MZ= 248.11286:TOLERANCEPPM=2.5 AND RTMIN=0.55 AND RTMAX=0.85,NULL,NULL
5,203,0.663498300533,1,3008954.25,0.1388898543780742,ms_data_04.mzML,Malonyl-L-carnitine,QUERY scaninfo(MS1DATA) FILTER MS1MZ= 248.11286:TOLERANCEPPM=2.5 AND RTMIN=0.55 AND RTMAX=0.85,NULL,NULL
6,206,0.673057636,1,3921535.0,0.21829131886858474,ms_data_04.mzML,Malonyl-L-carnitine,QUERY scaninfo(MS1DATA) FILTER MS1MZ= 248.11286:TOLERANCEPPM=2.5 AND RTMIN=0.55 AND RTMAX=0.85,NULL,NULL
7,209,0.682687354667,1,2698028.5,0.15587339539624875,ms_data_04.mzML,Malonyl-L-carnitine,QUERY scaninfo(MS1DATA) FILTER MS1MZ= 248.11286:TOLERANCEPPM=2.5 AND RTMIN=0.55 AND RTMAX=0.85,NULL,NULL
8,212,0.6927722456,1,1547281.5,0.04320899171074467,ms_data_04.mzML,Malonyl-L-carnitine,QUERY scaninfo(MS1DATA) FILTER MS1MZ= 248.11286:TOLERANCEPPM=2.5 AND RTMIN=0.55 AND RTMAX=0.85,NULL,NULL
9,215,0.703059412267,1,540493.75,0.009175914103079592,ms_data_04.mzML,Malonyl-L-carnitine,QUERY scaninfo(MS1DATA) FILTER MS1MZ= 248.11286:TOLERANCEPPM=2.5 AND RTMIN=0.55 AND RTMAX=0.85,NULL,NULL
10,218,0.713271179467,1,235071.15625,0.005264762387640306,ms_data_04.mzML,Malonyl-L-carnitine,QUERY scaninfo(MS1DATA) FILTER MS1MZ= 248.11286:TOLERANCEPPM=2.5 AND RTMIN=0.55 AND RTMAX=0.85,NULL,NULL
11,221,0.722981956267,1,62462.2421875,0.0016174274997835221,ms_data_04.mzML,Malonyl-L-carnitine,QUERY scaninfo(MS1DATA) FILTER MS1MZ= 248.11286:TOLERANCEPPM=2.5 AND RTMIN=0.55 AND RTMAX=0.85,NULL,NULL
12,224,0.733361737333,1,58101.203125,0.001951557603782759,ms_data_04.mzML,Malonyl-L-carnitine,QUERY scaninfo(MS1DATA) FILTER MS1MZ= 248.11286:TOLERANCEPPM=2.5 AND RTMIN=0.55 AND RTMAX=0.85,NULL,NULL
13,227,0.742938868533,1,71809.4765625,0.0012309719349809633,ms_data_04.mzML,Malonyl-L-carnitine,QUERY scaninfo(MS1DATA) FILTER MS1MZ= 248.11286:TOLERANCEPPM=2.5 AND RTMIN=0.55 AND RTMAX=0.85,NULL,NULL
14,239,0.7812654128,1,23227.701171875,0.001028093916085911,ms_data_04.mzML,Malonyl-L-carnitine,QUERY scaninfo(MS1DATA) FILTER MS1MZ= 248.11286:TOLERANCEPPM=2.5 AND RTMIN=0.55 AND RTMAX=0.85,NULL,NULL
15,242,0.7913542176,1,41034.25390625,0.0015595857300974088,ms_data_04.mzML,Malonyl-L-carnitine,QUERY scaninfo(MS1DATA) FILTER MS1MZ= 248.11286:TOLERANCEPPM=2.5 AND RTMIN=0.55 AND RTMAX=0.85,NULL,NULL
16,245,0.801255156,1,15794.9931640625,0.0007348650836468279,ms_data_04.mzML,Malonyl-L-carnitine,QUERY scaninfo(MS1DATA) FILTER MS1MZ= 248.11286:TOLERANCEPPM=2.5 AND RTMIN=0.55 AND RTMAX=0.85,NULL,NULL
17,248,0.811292555733,1,21961.869140625,0.0010863141185185063,ms_data_04.mzML,Malonyl-L-carnitine,QUERY scaninfo(MS1DATA) FILTER MS1MZ= 248.11286:TOLERANCEPPM=2.5 AND RTMIN=0.55 AND RTMAX=0.85,NULL,NULL
18,251,0.821699988533,1,23234.822265625,0.0010186168846115032,ms_data_04.mzML,Malonyl-L-carnitine,QUERY scaninfo(MS1DATA) FILTER MS1MZ= 248.11286:TOLERANCEPPM=2.5 AND RTMIN=0.55 AND RTMAX=0.85,NULL,NULL
19,257,0.8420431472,1,22874.919921875,0.0010274804215166158,ms_data_04.mzML,Malonyl-L-carnitine,QUERY scaninfo(MS1DATA) FILTER MS1MZ= 248.11286:TOLERANCEPPM=2.5 AND RTMIN=0.55 AND RTMAX=0.85,NULL,NULL
20,260,0.851815366667,1,19993.484375,0.0009045318501686733,ms_data_04.mzML,Malonyl-L-carnitine,QUERY scaninfo(MS1DATA) FILTER MS1MZ= 248.11286:TOLERANCEPPM=2.5 AND RTMIN=0.55 AND RTMAX=0.85,NULL,NULL
21,266,0.871869865067,1,19537.6640625,0.0010123706411041362,ms_data_04.mzML,Malonyl-L-carnitine,QUERY scaninfo(MS1DATA) FILTER MS1MZ= 248.11286:TOLERANCEPPM=2.5 AND RTMIN=0.55 AND RTMAX=0.85,NULL,NULL
22,275,0.901466406667,1,43555.8125,0.0016150133744566048,ms_data_04.mzML,Malonyl-L-carnitine,QUERY scaninfo(MS1DATA) FILTER MS1MZ= 248.11286:TOLERANCEPPM=2.5 AND RTMIN=0.55 AND RTMAX=0.85,NULL,NULL
23,278,0.9109883496,1,43665.9765625,0.001494109053338757,ms_data_04.mzML,Malonyl-L-carnitine,QUERY scaninfo(MS1DATA) FILTER MS1MZ= 248.11286:TOLERANCEPPM=2.5 AND RTMIN=0.55 AND RTMAX=0.85,NULL,NULL
24,281,0.9208639984,1,192931.1875,0.0017689074857085477,ms_data_04.mzML,Malonyl-L-carnitine,QUERY scaninfo(MS1DATA) FILTER MS1MZ= 248.11286:TOLERANCEPPM=2.5 AND RTMIN=0.55 AND RTMAX=0.85,NULL,NULL
25,284,0.930301644267,1,418046.25,0.0022695151388359637,ms_data_04.mzML,Malonyl-L-carnitine,QUERY scaninfo(MS1DATA) FILTER MS1MZ= 248.11286:TOLERANCEPPM=2.5 AND RTMIN=0.55 AND RTMAX=0.85,NULL,NULL
26,287,0.939986968,1,545746.9375,0.0026915960452674006,ms_data_04.mzML,Malonyl-L-carnitine,QUERY scaninfo(MS1DATA) FILTER MS1MZ= 248.11286:TOLERANCEPPM=2.5 AND RTMIN=0.55 AND RTMAX=0.85,NULL,NULL
27,290,0.949296402133,1,346639.90625,0.0021482219123875245,ms_data_04.mzML,Malonyl-L-carnitine,QUERY scaninfo(MS1DATA) FILTER MS1MZ= 248.11286:TOLERANCEPPM=2.5 AND RTMIN=0.55 AND RTMAX=0.85,NULL,NULL
28,293,0.958648408533,1,271587.53125,0.00234518050921491,ms_data_04.mzML,Malonyl-L-carnitine,QUERY scaninfo(MS1DATA) FILTER MS1MZ= 248.11286:TOLERANCEPPM=2.5 AND RTMIN=0.55 AND RTMAX=0.85,NULL,NULL
29,296,0.968130530933,1,296086.625,0.0046877780574844765,ms_data_04.mzML,Malonyl-L-carnitine,QUERY scaninfo(MS1DATA) FILTER MS1MZ= 248.11286:TOLERANCEPPM=2.5 AND RTMIN=0.55 AND RTMAX=0.85,NULL,NULL
30,299,0.977927254667,1,139236.140625,0.005272466165006107,ms_data_04.mzML,Malonyl-L-carnitine,QUERY scaninfo(MS1DATA) FILTER MS1MZ= 248.11286:TOLERANCEPPM=2.5 AND RTMIN=0.55 AND RTMAX=0.85,NULL,NULL
31,302,0.987881475467,1,54481.078125,0.002258976501760499,ms_data_04.mzML,Malonyl-L-carnitine,QUERY scaninfo(MS1DATA) FILTER MS1MZ= 248.11286:TOLERANCEPPM=2.5 AND RTMIN=0.55 AND RTMAX=0.85,NULL,NULL
32,305,0.997832472533,1,20299.67578125,0.0006800449312945998,ms_data_04.mzML,Malonyl-L-carnitine,QUERY scaninfo(MS1DATA) FILTER MS1MZ= 248.11286:TOLERANCEPPM=2.5 AND RTMIN=0.55 AND RTMAX=0.85,NULL,NULL
